"IdCampus","NomeCampus","IdModalidade","ModalidadeDescricao","IdGpa","GpaDescricao","IdCurso","CursoDescricao","CursoSigla","TurmaSigla","Semestre","NrSemestre","IdAluno","IdAlunoSemestre","Matricula","Cpf","Nome","DataSemestreAtivacao","DataIngresso","SituacaoAcademica","SituacaoAcademicaSigla","IdPeriodoLetivo","PeriodoLetivoSigla"
1,UNIVAG Sede,1,Educação Presencial,1,Ciências Sociais Aplicadas,26,Sistemas de Informação,SIS,SIS221AN,"6º Semestre",6,142217,698473,"8500300622","83864183029",Ângelo Borges,2024-08-07 00:00:00.000,2022-01-18 17:03:48.490,Ativo,AT ,1704,"2024/2"
1,UNIVAG Sede,1,Educação Presencial,1,Ciências Sociais Aplicadas,26,Sistemas de Informação,SIS,SIS211BN,"8º Semestre",8,112258,705697,"8500301618","38806446229",Leonardo Souza,2024-09-10 20:12:48.413,2018-02-20 21:44:29.547,Ativo,AT ,1704,"2024/2"
1,UNIVAG Sede,1,Educação Presencial,1,Ciências Sociais Aplicadas,26,Sistemas de Informação,SIS,SIS211BN,"8º Semestre",8,122007,702843,"8500300520","32899762019",Yasmin Souza,2024-08-16 00:00:00.000,2020-01-30 14:28:24.757,Ativo,AT ,1704,"2024/2"
1,UNIVAG Sede,1,Educação Presencial,1,Ciências Sociais Aplicadas,26,Sistemas de Informação,SIS,SIS211BN,"8º Semestre",8,124743,698455,"8500300321","98833277595",Vera Gonçalves,2024-07-02 00:00:00.000,2021-01-29 16:59:02.323,Ativo,AT ,1704,"2024/2"
1,UNIVAG Sede,1,Educação Presencial,1,Ciências Sociais Aplicadas,26,Sistemas de Informação,SIS,SIS221AN,"6º Semestre",6,349586,703092,"8500302624","85861123642",Leandro Gomes,2024-08-14 21:03:51.197,2024-08-14 20:56:26.217,Ativo,AT ,1704,"2024/2"
1,UNIVAG Sede,1,Educação Presencial,1,Ciências Sociais Aplicadas,26,Sistemas de Informação,SIS,SIS221AN,"6º Semestre",6,142259,698451,"8500300822","42619231169",Evandro Borges,2024-07-05 00:00:00.000,2022-01-22 11:20:18.223,Ativo,AT ,1704,"2024/2"
1,UNIVAG Sede,1,Educação Presencial,1,Ciências Sociais Aplicadas,26,Sistemas de Informação,SIS,SIS221AN,"6º Semestre",6,143264,704962,"8500301922","67238491057",Marília Pera,2024-09-06 14:09:53.183,2022-03-07 08:44:52.297,Ativo,AT ,1704,"2024/2"
1,UNIVAG Sede,1,Educação Presencial,1,Ciências Sociais Aplicadas,26,Sistemas de Informação,SIS,SIS232AN,"3º Semestre",3,181156,698461,"8500301923","36964440738",Wagner Moreira,2024-07-03 00:00:00.000,2023-06-28 18:10:39.050,Transferência Interna - Saída,TS ,1704,"2024/2"
1,UNIVAG Sede,1,Educação Presencial,1,Ciências Sociais Aplicadas,26,Sistemas de Informação,SIS,SIS232AN,"3º Semestre",3,278124,698460,"8500301824","81370459268",Fernando Montenegro,2024-07-31 00:00:00.000,2024-02-22 18:09:14.940,Ativo,AT ,1704,"2024/2"
1,UNIVAG Sede,1,Educação Presencial,1,Ciências Sociais Aplicadas,26,Sistemas de Informação,SIS,SIS222AN,"5º Semestre",5,143258,703877,"8500301822","12529562120",Osvaldo Borges,2024-08-22 19:17:47.630,2022-03-05 10:03:08.597,Ativo,AT ,1704,"2024/2"
1,UNIVAG Sede,1,Educação Presencial,1,Ciências Sociais Aplicadas,26,Sistemas de Informação,SIS,SIS221AN,"6º Semestre",6,144984,698478,"8500304722","82829656729",Isabela Rocha,2024-07-12 00:00:00.000,2022-08-23 19:13:46.273,Ativo,AT ,1704,"2024/2"
1,UNIVAG Sede,1,Educação Presencial,1,Ciências Sociais Aplicadas,26,Sistemas de Informação,SIS,SIS221AN,"6º Semestre",6,143375,706288,"8500302522","19627458310",Sônia Braga,2024-09-20 20:54:36.567,2022-03-10 19:19:33.043,Ativo,AT ,1704,"2024/2"
1,UNIVAG Sede,1,Educação Presencial,1,Ciências Sociais Aplicadas,26,Sistemas de Informação,SIS,SIS221AN,"6º Semestre",6,143639,698468,"8500303122","27458610349",Mariana Xavier,2024-08-07 00:00:00.000,2022-03-28 18:10:45.750,Ativo,AT ,1704,"2024/2"
1,UNIVAG Sede,1,Educação Presencial,1,Ciências Sociais Aplicadas,26,Sistemas de Informação,SIS,SIS222AN,"5º Semestre",5,144427,701526,"8500303522","68420319572",Luiz Carlos Miele,2024-08-01 10:51:23.787,2022-07-28 20:07:06.323,Ativo,AT ,1704,"2024/2"
1,UNIVAG Sede,1,Educação Presencial,1,Ciências Sociais Aplicadas,26,Sistemas de Informação,SIS,SIS222AN,"5º Semestre",5,144446,698469,"8500303722","13047582906",Cláudio Marzo,2024-07-09 18:52:32.757,2022-07-29 17:24:53.560,Ativo,AT ,1704,"2024/2"
1,UNIVAG Sede,1,Educação Presencial,1,Ciências Sociais Aplicadas,26,Sistemas de Informação,SIS,SIS231AN,"4º Semestre",4,145366,703465,"8500300223","80149556973",Tiago Freitas,2024-08-19 19:00:29.053,2022-12-21 15:51:32.210,Transferência Interna - Saída,TS ,1704,"2024/2"
1,UNIVAG Sede,1,Educação Presencial,1,Ciências Sociais Aplicadas,26,Sistemas de Informação,SIS,SIS231AN,"4º Semestre",4,145511,700788,"8500300423","87358258882",Quirino Gomes,2024-08-01 00:00:00.000,2023-01-16 14:53:01.757,Transferência Interna - Saída,TS ,1704,"2024/2"
1,UNIVAG Sede,1,Educação Presencial,1,Ciências Sociais Aplicadas,26,Sistemas de Informação,SIS,SIS231AN,"4º Semestre",4,145520,698467,"8500300523","85096121228",Zuleica Freire,2024-07-31 00:00:00.000,2023-01-17 15:45:38.680,Ativo,AT ,1704,"2024/2"
1,UNIVAG Sede,1,Educação Presencial,1,Ciências Sociais Aplicadas,26,Sistemas de Informação,SIS,SIS231AN,"4º Semestre",4,145604,698452,"8500300623","91971310690",Bianca Teixeira,,2023-01-21 10:33:38.407,Rematrícula Cancelada,RC ,1704,"2024/2"
1,UNIVAG Sede,1,Educação Presencial,1,Ciências Sociais Aplicadas,26,Sistemas de Informação,SIS,SIS231AN,"4º Semestre",4,145604,700502,"8500300623","91971310690",Bianca Teixeira,2024-07-22 00:00:00.000,2023-01-21 10:33:38.407,Ativo,AT ,1704,"2024/2"
1,UNIVAG Sede,1,Educação Presencial,1,Ciências Sociais Aplicadas,26,Sistemas de Informação,SIS,SIS231AN,"4º Semestre",4,219784,703956,"8500302723","50971328406",Othon Bastos,2024-08-27 00:00:00.000,2023-08-05 10:42:36.417,Ativo,AT ,1704,"2024/2"
1,UNIVAG Sede,1,Educação Presencial,1,Ciências Sociais Aplicadas,26,Sistemas de Informação,SIS,SIS231AN,"4º Semestre",4,145922,702330,"8500300723","12077285825",Caio Gonçalves,2024-08-06 12:29:29.417,2023-01-27 15:00:25.083,Ativo,AT ,1704,"2024/2"
1,UNIVAG Sede,1,Educação Presencial,1,Ciências Sociais Aplicadas,26,Sistemas de Informação,SIS,SIS231AN,"4º Semestre",4,161153,698480,"8500301523","85206509072",Jefferson Teixeira,2024-07-05 00:00:00.000,2023-03-03 19:07:55.010,Ativo,AT ,1704,"2024/2"
1,UNIVAG Sede,1,Educação Presencial,1,Ciências Sociais Aplicadas,26,Sistemas de Informação,SIS,SIS231AN,"4º Semestre",4,164719,702414,"8500301823","50013924965",Patrícia Souza,2024-08-23 13:46:55.940,2023-03-13 13:10:06.490,Ativo,AT ,1704,"2024/2"
1,UNIVAG Sede,1,Educação Presencial,1,Ciências Sociais Aplicadas,26,Sistemas de Informação,SIS,SIS232AN,"3º Semestre",3,183122,698475,"8500302023","06246258182",João Pedro de Moura Mascarenhas de Oliveira,,2023-07-01 11:13:17.947,Rematrícula Cancelada,RC ,1704,"2024/2"
1,UNIVAG Sede,1,Educação Presencial,1,Ciências Sociais Aplicadas,26,Sistemas de Informação,SIS,SIS211BN,"8º Semestre",8,272422,698466,"8501300123","59207468135",Débora Bloch,2024-07-10 00:00:00.000,2023-09-12 10:23:53.870,Ativo,AT ,1704,"2024/2"
1,UNIVAG Sede,1,Educação Presencial,1,Ciências Sociais Aplicadas,26,Sistemas de Informação,SIS,SIS241AN,"2º Semestre",2,276882,698454,"8500301524","52632952259",Yasmin Monteiro,2024-07-09 20:55:32.593,2024-02-15 20:00:12.403,Transferência Interna - Saída,TS ,1704,"2024/2"
1,UNIVAG Sede,1,Educação Presencial,1,Ciências Sociais Aplicadas,26,Sistemas de Informação,SIS,SIS232AN,"3º Semestre",3,215405,701102,"8500302523","84110504499",Maria Barbosa,2024-07-24 00:00:00.000,2023-08-02 10:42:29.863,Transferência Interna - Saída,TS ,1704,"2024/2"
1,UNIVAG Sede,1,Educação Presencial,1,Ciências Sociais Aplicadas,26,Sistemas de Informação,SIS,SIS241AN,"2º Semestre",2,272599,698456,"8500300324","37235700150",Otávio Santos,2024-07-09 00:00:00.000,2024-01-03 13:38:18.640,Transferência Interna - Saída,TS ,1704,"2024/2"
1,UNIVAG Sede,1,Educação Presencial,1,Ciências Sociais Aplicadas,26,Sistemas de Informação,SIS,SIS241AN,"2º Semestre",2,273372,700598,"8500300924","47408166822",Fernanda Teixeira,2024-07-18 14:33:47.543,2024-01-26 15:24:13.130,Ativo,AT ,1704,"2024/2"
1,UNIVAG Sede,1,Educação Presencial,1,Ciências Sociais Aplicadas,26,Sistemas de Informação,SIS,SIS241AN,"2º Semestre",2,275142,698458,"8500301124","77228923781",Helena Gonçalves,2024-07-05 00:00:00.000,2024-02-05 15:13:56.847,Ativo,AT ,1704,"2024/2"
1,UNIVAG Sede,1,Educação Presencial,1,Ciências Sociais Aplicadas,26,Sistemas de Informação,SIS,SIS241AN,"2º Semestre",2,274556,698471,"8500301024","76233357897",Patrícia Duarte,2024-07-05 00:00:00.000,2024-02-02 12:47:24.913,Transferência Interna - Saída,TS ,1704,"2024/2"
1,UNIVAG Sede,1,Educação Presencial,1,Ciências Sociais Aplicadas,26,Sistemas de Informação,SIS,SIS241AN,"2º Semestre",2,283203,698477,"8500302324","30975261804",Fernanda Montenegro,2024-07-05 08:49:51.880,2024-03-14 19:56:07.390,Ativo,AT ,1704,"2024/2"
1,UNIVAG Sede,1,Educação Presencial,1,Ciências Sociais Aplicadas,26,Sistemas de Informação,SIS,SIS241AN,"2º Semestre",2,277731,698464,"8500301624","74661877574",Ximena Silva,2024-07-10 00:00:00.000,2024-02-20 16:03:45.833,Transferência Interna - Saída,TS ,1704,"2024/2"
1,UNIVAG Sede,1,Educação Presencial,1,Ciências Sociais Aplicadas,26,Sistemas de Informação,SIS,SIS241AN,"2º Semestre",2,278049,703464,"8500301724","49456601361",Noemi Teixeira,2024-08-19 18:45:33.573,2024-02-22 10:30:47.700,Ativo,AT ,1704,"2024/2"
1,UNIVAG Sede,1,Educação Presencial,1,Ciências Sociais Aplicadas,26,Sistemas de Informação,SIS,SIS241AN,"2º Semestre",2,289104,698463,"8500302424","48152709364",Selton Mello,2024-07-02 17:33:00.263,2024-03-25 15:56:58.917,Ativo,AT ,1704,"2024/2"
1,UNIVAG Sede,1,Educação Presencial,1,Ciências Sociais Aplicadas,26,Sistemas de Informação,SIS,SIS241AN,"2º Semestre",2,278753,700209,"8500301924","17582490613",Glória Pires,2024-07-17 00:00:00.000,2024-02-26 12:21:03.763,Ativo,AT ,1704,"2024/2"
1,UNIVAG Sede,1,Educação Presencial,1,Ciências Sociais Aplicadas,26,Sistemas de Informação,SIS,SIS241AN,"2º Semestre",2,278840,701984,"8500302024","28437509126",Lázaro Ramos,2024-08-05 00:00:00.000,2024-02-26 21:05:46.400,Ativo,AT ,1704,"2024/2"
1,UNIVAG Sede,8,Educação ao vivo,1,Ciências Sociais Aplicadas,453,Sistemas de Informação,SIS,VIVOSIS241AN,"2º Semestre",2,351586,705773,"2260001624","74661877574",Ximena Silva,2024-09-11 20:06:18.787,2024-09-11 19:55:23.430,Ativo,AT ,1704,"2024/2"
1,UNIVAG Sede,8,Educação ao vivo,1,Ciências Sociais Aplicadas,453,Sistemas de Informação,SIS,VIVOSIS221AN,"6º Semestre",6,279600,700009,"2260000424","13979089382",Eduardo Fernandes,2024-07-11 00:00:00.000,2024-03-01 19:25:15.197,Ativo,AT ,1704,"2024/2"
1,UNIVAG Sede,8,Educação ao vivo,1,Ciências Sociais Aplicadas,453,Sistemas de Informação,SIS,VIVOSIS241AN,"2º Semestre",2,350204,703875,"2260001024","76233357897",Patrícia Duarte,2024-08-22 19:27:53.907,2024-08-22 19:05:30.773,Ativo,AT ,1704,"2024/2"
1,UNIVAG Sede,8,Educação ao vivo,1,Ciências Sociais Aplicadas,453,Sistemas de Informação,SIS,VIVOSIS241AN,"2º Semestre",2,349984,703589,"2260000924","37235700150",Otávio Santos,2024-08-20 19:58:58.103,2024-08-20 19:46:47.437,Ativo,AT ,1704,"2024/2"
1,UNIVAG Sede,8,Educação ao vivo,1,Ciências Sociais Aplicadas,453,Sistemas de Informação,SIS,VIVOSIS232AN,"3º Semestre",3,349783,703344,"2260000824","84110504499",Maria Barbosa,2024-08-19 13:59:18.027,2024-08-17 10:59:28.693,Ativo,AT ,1704,"2024/2"
1,UNIVAG Sede,8,Educação ao vivo,1,Ciências Sociais Aplicadas,453,Sistemas de Informação,SIS,VIVOSIS241AN,"2º Semestre",2,351859,706111,"2260001724","52632952259",Yasmin Monteiro,,2024-09-18 19:24:00.827,Matrícula Cancelada,MC ,1704,"2024/2"
1,UNIVAG Sede,8,Educação ao vivo,1,Ciências Sociais Aplicadas,453,Sistemas de Informação,SIS,VIVOSIS241AN,"2º Semestre",2,351940,706194,"2260001824","52632952259",Yasmin Monteiro,2024-09-19 20:00:51.183,2024-09-19 19:46:14.350,Ativo,AT ,1704,"2024/2"
1,UNIVAG Sede,9,Digital,1,Ciências Sociais Aplicadas,453,Sistemas de Informação,SIS,DIGSIS221A,"6º Semestre",6,158120,700350,"2260000223","11391703454",Beatriz Oliveira,2024-08-05 00:00:00.000,2023-02-25 10:17:07.710,Ativo,AT ,1704,"2024/2"
1,UNIVAG Sede,8,Educação ao vivo,1,Ciências Sociais Aplicadas,453,Sistemas de Informação,SIS,VIVOSIS232AN,"3º Semestre",3,350430,704185,"2260001424","65466541677",Vitória Nogueira,2024-08-26 19:51:01.287,2024-08-26 19:45:36.200,Ativo,AT ,1704,"2024/2"
1,UNIVAG Sede,8,Educação ao vivo,1,Ciências Sociais Aplicadas,453,Sistemas de Informação,SIS,VIVOSIS221AN,"6º Semestre",6,165070,702040,"2260000423","55092771773",Daniel Pereira,2024-08-02 00:00:00.000,2023-04-13 20:31:46.037,Ativo,AT ,1704,"2024/2"
1,UNIVAG Sede,9,Digital,1,Ciências Sociais Aplicadas,453,Sistemas de Informação,SIS,DIGSIS222A,"5º Semestre",5,145070,700349,"2260001422","20013748983",Uriel Castro,2024-07-19 00:00:00.000,2022-09-02 12:07:00.303,Ativo,AT ,1704,"2024/2"
1,UNIVAG Sede,8,Educação ao vivo,1,Ciências Sociais Aplicadas,453,Sistemas de Informação,SIS,VIVOSIS231AN,"4º Semestre",4,350414,704162,"2260001124","87358258882",Quirino Gomes,2024-08-26 17:11:09.360,2024-08-26 16:57:20.520,Ativo,AT ,1704,"2024/2"
1,UNIVAG Sede,8,Educação ao vivo,1,Ciências Sociais Aplicadas,453,Sistemas de Informação,SIS,VIVOSIS231AN,"4º Semestre",4,350429,704182,"2260001324","80149556973",Tiago Freitas,2024-08-26 19:37:58.990,2024-08-26 19:30:43.437,Ativo,AT ,1704,"2024/2"
1,UNIVAG Sede,8,Educação ao vivo,1,Ciências Sociais Aplicadas,453,Sistemas de Informação,SIS,VIVOSIS231AN,"4º Semestre",4,327874,699013,"2260000724",,Neide Borges,2024-07-03 08:38:51.947,2024-04-26 17:53:49.740,Transferência Interna - Saída,TS ,1704,"2024/2"
1,UNIVAG Sede,8,Educação ao vivo,1,Ciências Sociais Aplicadas,453,Sistemas de Informação,SIS,VIVOSIS222AN,"5º Semestre",5,165100,700695,"2260000523","30782305040",Fabiana Costa,2024-07-18 17:21:17.467,2023-04-24 18:35:20.837,Ativo,AT ,1704,"2024/2"
1,UNIVAG Sede,8,Educação ao vivo,1,Ciências Sociais Aplicadas,453,Sistemas de Informação,SIS,VIVOSIS221AN,"6º Semestre",6,144983,702110,"2260001322","75371076354",Sofia Melo,2024-08-03 09:04:13.940,2022-08-23 18:31:51.030,Ativo,AT ,1704,"2024/2"
1,UNIVAG Sede,9,Digital,1,Ciências Sociais Aplicadas,453,Sistemas de Informação,SIS,DIGSIS221A,"6º Semestre",6,224473,700351,"2260000723","82146373052",João Mendes,2024-07-29 19:36:13.330,2023-08-08 16:04:08.773,Ativo,AT ,1704,"2024/2"
1,UNIVAG Sede,8,Educação ao vivo,1,Ciências Sociais Aplicadas,453,Sistemas de Informação,SIS,VIVOSIS232AN,"3º Semestre",3,350548,704343,"2260001524","36964440738",Wagner Moreira,2024-08-27 16:46:58.243,2024-08-27 16:35:45.647,Ativo,AT ,1704,"2024/2"
1,UNIVAG Sede,8,Educação ao vivo,1,Ciências Sociais Aplicadas,453,Sistemas de Informação,SIS,VIVOSIS221AN,"6º Semestre",6,143595,702418,"2260000822","68499422746",Lucas Ribeiro,2024-08-07 00:00:00.000,2022-03-24 14:46:03.917,Ativo,AT ,1704,"2024/2"
1,UNIVAG Sede,8,Educação ao vivo,1,Ciências Sociais Aplicadas,453,Sistemas de Informação,SIS,VIVOSIS221AN,"6º Semestre",6,350428,704180,"2260001224",,Rafael Carvalho,2024-08-26 19:06:29.100,2024-08-26 18:56:06.840,Ativo,AT ,1704,"2024/2"
1,UNIVAG Sede,9,Digital,1,Ciências Sociais Aplicadas,453,Sistemas de Informação,SIS,DIGSIS221A,"6º Semestre",6,258356,700348,"2260000923",,Rafael Carvalho,,2023-08-30 13:12:29.577,Transferência Interna - Saída,TS ,1704,"2024/2"
1,UNIVAG Sede,8,Educação ao vivo,1,Ciências Sociais Aplicadas,453,Sistemas de Informação,SIS,VIVOSIS221AN,"6º Semestre",6,122341,702069,"8500300820","14641017477",Daniela Freire,2024-08-02 00:00:00.000,2020-02-10 19:39:31.543,Ativo,AT ,1704,"2024/2"
1,UNIVAG Sede,1,Educação Presencial,1,Ciências Sociais Aplicadas,684,Engenharia de Software,ENS,ENS232AM,"3º Semestre",3,223093,697789,"4510206023","26538327006",Sheila Monteiro,2024-07-10 00:00:00.000,2023-08-07 17:18:48.070,Ativo,AT ,1704,"2024/2"
1,UNIVAG Sede,1,Educação Presencial,1,Ciências Sociais Aplicadas,684,Engenharia de Software,ENS,ENS231AN.,"4º Semestre",4,165043,702398,"4510204123",,Renato Borges,2024-08-06 19:27:07.303,2023-04-04 09:13:45.297,Transferência Interna - Saída,TS ,1704,"2024/2"
1,UNIVAG Sede,1,Educação Presencial,1,Ciências Sociais Aplicadas,684,Engenharia de Software,ENS,ENS242AM,"1º Semestre",1,348528,701060,"4510206724","96518625631",Ester Almeida,2024-07-23 16:04:16.703,2024-07-23 15:55:43.247,Desistente,DS ,1704,"2024/2"
1,UNIVAG Sede,1,Educação Presencial,1,Ciências Sociais Aplicadas,684,Engenharia de Software,ENS,ENS231AM,"4º Semestre",4,152543,697766,"4510201523","53055597939",Alessandra Freire,2024-07-19 00:00:00.000,2023-02-13 11:40:54.670,Ativo,AT ,1704,"2024/2"
1,UNIVAG Sede,1,Educação Presencial,1,Ciências Sociais Aplicadas,684,Engenharia de Software,ENS,ENS241AN,"2º Semestre",2,272570,701829,"4510300224","71251910364",Kleber Monteiro,2024-08-01 00:00:00.000,2023-12-20 10:45:28.123,Ativo,AT ,1704,"2024/2"
1,UNIVAG Sede,1,Educação Presencial,1,Ciências Sociais Aplicadas,684,Engenharia de Software,ENS,ENS231AM,"4º Semestre",4,165058,701578,"4510204423","79377164870",Xavier Souza,2024-07-30 15:08:12.803,2023-04-10 20:17:57.053,Ativo,AT ,1704,"2024/2"
1,UNIVAG Sede,1,Educação Presencial,1,Ciências Sociais Aplicadas,684,Engenharia de Software,ENS,ENS231AM,"4º Semestre",4,266108,697772,"4510206623","93564214606",Bruna Souza,2024-07-03 00:00:00.000,2023-09-04 10:12:31.307,Ativo,AT ,1704,"2024/2"
1,UNIVAG Sede,1,Educação Presencial,1,Ciências Sociais Aplicadas,684,Engenharia de Software,ENS,ENS232AM,"3º Semestre",3,215525,697777,"4510205823","45901800974",Ofélia Teixeira,2024-07-12 00:00:00.000,2023-08-02 12:47:50.160,Ativo,AT ,1704,"2024/2"
1,UNIVAG Sede,1,Educação Presencial,1,Ciências Sociais Aplicadas,684,Engenharia de Software,ENS,ENS231AN.,"4º Semestre",4,165143,697787,"4510204823","19726949142",Cícero Teixeira,2024-07-10 00:00:00.000,2023-05-22 09:27:12.347,Ativo,AT ,1704,"2024/2"
1,UNIVAG Sede,1,Educação Presencial,1,Ciências Sociais Aplicadas,684,Engenharia de Software,ENS,ENS232AM,"3º Semestre",3,278039,697783,"4510203324","60392933109",Lúcia Costa,2024-08-12 00:00:00.000,2024-02-22 09:32:40.267,Ativo,AT ,1704,"2024/2"
1,UNIVAG Sede,1,Educação Presencial,1,Ciências Sociais Aplicadas,684,Engenharia de Software,ENS,ENS231AM,"4º Semestre",4,165090,700172,"4510204623","41023653679",Zeferino Freire,2024-08-12 00:00:00.000,2023-04-20 09:01:49.440,Ativo,AT ,1704,"2024/2"
1,UNIVAG Sede,1,Educação Presencial,1,Ciências Sociais Aplicadas,684,Engenharia de Software,ENS,ENS232AM,"3º Semestre",3,267623,701584,"4510206723","63558293400",Daisy Gonçalves,2024-07-30 15:38:34.527,2023-09-05 09:02:11.450,Ativo,AT ,1704,"2024/2"
1,UNIVAG Sede,1,Educação Presencial,1,Ciências Sociais Aplicadas,684,Engenharia de Software,ENS,ENS231AN.,"4º Semestre",4,350422,704172,"4513400124",,Neide Borges,2024-08-26 18:25:24.047,2024-08-26 18:15:22.593,Ativo,AT ,1704,"2024/2"
1,UNIVAG Sede,1,Educação Presencial,1,Ciências Sociais Aplicadas,684,Engenharia de Software,ENS,ENS231AM,"4º Semestre",4,145454,697760,"4510200523","96350509843",Brás Almeida,2024-07-10 00:00:00.000,2023-01-09 16:15:12.427,Ativo,AT ,1704,"2024/2"
1,UNIVAG Sede,1,Educação Presencial,1,Ciências Sociais Aplicadas,684,Engenharia de Software,ENS,ENS231AM,"4º Semestre",4,165054,697788,"4510204323","98260882225",Vinícius Gomes,2024-07-10 00:00:00.000,2023-04-10 08:58:42.140,Ativo,AT ,1704,"2024/2"
1,UNIVAG Sede,1,Educação Presencial,1,Ciências Sociais Aplicadas,684,Engenharia de Software,ENS,ENS231AN.,"4º Semestre",4,151435,697792,"4510201423","98161929366",Noel Almeida,2024-07-11 00:00:00.000,2023-02-10 20:50:57.143,Ativo,AT ,1704,"2024/2"
1,UNIVAG Sede,1,Educação Presencial,1,Ciências Sociais Aplicadas,684,Engenharia de Software,ENS,ENS231AM,"4º Semestre",4,154057,697786,"4510201723","35243539168",Quênia Silva,2024-07-10 00:00:00.000,2023-02-16 16:44:03.300,Ativo,AT ,1704,"2024/2"
1,UNIVAG Sede,1,Educação Presencial,1,Ciências Sociais Aplicadas,684,Engenharia de Software,ENS,ENS242AM,"1º Semestre",1,348746,701518,"4510207324","55549285639",Graça Freire,2024-07-30 09:02:26.740,2024-07-30 08:50:52.670,Ativo,AT ,1704,"2024/2"
1,UNIVAG Sede,1,Educação Presencial,1,Ciências Sociais Aplicadas,684,Engenharia de Software,ENS,ENS232AM,"3º Semestre",3,255652,702999,"4510206523","47531512451",Augusto Borges,2024-08-14 10:00:26.817,2023-08-28 20:33:59.070,Ativo,AT ,1704,"2024/2"
1,UNIVAG Sede,1,Educação Presencial,1,Ciências Sociais Aplicadas,684,Engenharia de Software,ENS,ENS231AM,"4º Semestre",4,147181,697798,"4510201323","52734836110",Michele Costa,2024-07-15 00:00:00.000,2023-02-01 12:00:09.527,Ativo,AT ,1704,"2024/2"
1,UNIVAG Sede,1,Educação Presencial,1,Ciências Sociais Aplicadas,684,Engenharia de Software,ENS,ENS231AM,"4º Semestre",4,145557,700112,"4510200823","87626056759",Emília Gomes,2024-07-15 00:00:00.000,2023-01-20 08:19:54.527,Ativo,AT ,1704,"2024/2"
1,UNIVAG Sede,1,Educação Presencial,1,Ciências Sociais Aplicadas,684,Engenharia de Software,ENS,ENS231AM,"4º Semestre",4,145603,697773,"4510201023","45179624392",Gerson Costa,2024-07-10 00:00:00.000,2023-01-21 10:21:33.627,Ativo,AT ,1704,"2024/2"
1,UNIVAG Sede,1,Educação Presencial,1,Ciências Sociais Aplicadas,684,Engenharia de Software,ENS,ENS231AM,"4º Semestre",4,200561,697769,"4510205523","19882824221",Leonardo Almeida,2024-07-08 00:00:00.000,2023-07-21 10:31:19.117,Ativo,AT ,1704,"2024/2"
1,UNIVAG Sede,1,Educação Presencial,1,Ciências Sociais Aplicadas,684,Engenharia de Software,ENS,ENS231AM,"4º Semestre",4,145737,697767,"4510201223","52428471454",Kevin Mendes,2024-07-03 00:00:00.000,2023-01-26 13:06:07.620,Ativo,AT ,1704,"2024/2"
1,UNIVAG Sede,1,Educação Presencial,1,Ciências Sociais Aplicadas,684,Engenharia de Software,ENS,ENS231AM,"4º Semestre",4,145659,697770,"4510201123","52243145217",Irene Almeida,2024-07-22 00:00:00.000,2023-01-25 11:05:48.337,Ativo,AT ,1704,"2024/2"
1,UNIVAG Sede,1,Educação Presencial,1,Ciências Sociais Aplicadas,684,Engenharia de Software,ENS,ENS231AN.,"4º Semestre",4,161088,697781,"4510202523","15179062606",Alice Borges,2024-07-09 00:00:00.000,2023-03-03 16:14:07.370,Ativo,AT ,1704,"2024/2"
1,UNIVAG Sede,1,Educação Presencial,1,Ciências Sociais Aplicadas,684,Engenharia de Software,ENS,ENS231AM,"4º Semestre",4,160917,703908,"4510202323","89072254933",Wendel Santos,2024-08-27 00:00:00.000,2023-03-03 08:34:20.207,Ativo,AT ,1704,"2024/2"
1,UNIVAG Sede,1,Educação Presencial,1,Ciências Sociais Aplicadas,684,Engenharia de Software,ENS,ENS231AN.,"4º Semestre",4,161019,703594,"4510202423",,Osmar Teixeira,2024-09-05 19:52:20.323,2023-03-03 13:20:17.140,Transferência Interna - Saída,TS ,1704,"2024/2"
1,UNIVAG Sede,1,Educação Presencial,1,Ciências Sociais Aplicadas,684,Engenharia de Software,ENS,ENS231AN.,"4º Semestre",4,157843,703257,"4510300923","36031407528",Osvaldo Gonçalves,2024-08-16 18:31:15.857,2023-02-24 19:49:53.577,Ativo,AT ,1704,"2024/2"
1,UNIVAG Sede,1,Educação Presencial,1,Ciências Sociais Aplicadas,684,Engenharia de Software,ENS,ENS241AN,"2º Semestre",2,279792,697779,"4510302524","63129610939",Bianca Freire,2024-07-10 00:00:00.000,2024-03-02 10:06:33.693,Trancamento,TC ,1704,"2024/2"
1,UNIVAG Sede,1,Educação Presencial,1,Ciências Sociais Aplicadas,684,Engenharia de Software,ENS,ENS231AN.,"4º Semestre",4,157325,697785,"4510201823","79768697810",Renan Freire,2024-07-02 00:00:00.000,2023-02-23 19:31:34.803,Ativo,AT ,1704,"2024/2"
1,UNIVAG Sede,1,Educação Presencial,1,Ciências Sociais Aplicadas,684,Engenharia de Software,ENS,ENS231AM,"4º Semestre",4,157571,705655,"4510201923","90994747143",Túlio Gomes,2024-09-10 09:00:31.150,2023-02-24 08:41:22.503,Ativo,AT ,1704,"2024/2"
1,UNIVAG Sede,1,Educação Presencial,1,Ciências Sociais Aplicadas,684,Engenharia de Software,ENS,ENS231AN.,"4º Semestre",4,161196,705380,"4510301123","54401738627",Quitério Teixeira,2024-09-03 18:53:33.140,2023-03-03 21:12:23.433,Ativo,AT ,1704,"2024/2"
1,UNIVAG Sede,1,Educação Presencial,1,Ciências Sociais Aplicadas,684,Engenharia de Software,ENS,ENS231AM,"4º Semestre",4,164652,697784,"4510203223","43432832289",Helena Teixeira,2024-07-01 00:00:00.000,2023-03-11 09:25:32.213,Ativo,AT ,1704,"2024/2"
1,UNIVAG Sede,1,Educação Presencial,1,Ciências Sociais Aplicadas,684,Engenharia de Software,ENS,ENS231AM,"4º Semestre",4,162532,703910,"4510202723","70306856625",Catarina Almeida,2024-08-23 13:45:55.280,2023-03-06 18:49:38.657,Ativo,AT ,1704,"2024/2"
1,UNIVAG Sede,1,Educação Presencial,1,Ciências Sociais Aplicadas,684,Engenharia de Software,ENS,ENS231AM,"4º Semestre",4,163848,697765,"4510202923","84103385826",Eliana Gonçalves,2024-08-02 00:00:00.000,2023-03-09 15:17:40.467,Ativo,AT ,1704,"2024/2"
1,UNIVAG Sede,1,Educação Presencial,1,Ciências Sociais Aplicadas,684,Engenharia de Software,ENS,ENS231AN.,"4º Semestre",4,164968,702407,"4510203923","25108435826",Quintino Farias,2024-08-06 20:50:52.343,2023-03-25 10:00:25.307,Ativo,AT ,1704,"2024/2"
1,UNIVAG Sede,1,Educação Presencial,1,Ciências Sociais Aplicadas,684,Engenharia de Software,ENS,ENS232AM,"3º Semestre",3,181110,697796,"4510204923","31742818997",Denise Silva,2024-07-10 00:00:00.000,2023-06-28 16:38:47.907,Ativo,AT ,1704,"2024/2"
1,UNIVAG Sede,1,Educação Presencial,1,Ciências Sociais Aplicadas,684,Engenharia de Software,ENS,ENS231AM,"4º Semestre",4,165061,700174,"4510204523","16905827805",Yasmin Almeida,2024-08-09 00:00:00.000,2023-04-12 08:11:29.110,Ativo,AT ,1704,"2024/2"
1,UNIVAG Sede,1,Educação Presencial,1,Ciências Sociais Aplicadas,684,Engenharia de Software,ENS,ENS231AN.,"4º Semestre",4,164733,705386,"4510301623","61326625123",Ulisses Borges,2024-09-03 19:35:41.470,2023-03-14 11:16:08.643,Ativo,AT ,1704,"2024/2"
1,UNIVAG Sede,1,Educação Presencial,1,Ciências Sociais Aplicadas,684,Engenharia de Software,ENS,ENS231AN.,"4º Semestre",4,164743,704919,"4510203323","91680362223",Joana Souza,2024-08-30 15:00:33.383,2023-03-14 14:53:23.997,Ativo,AT ,1704,"2024/2"
1,UNIVAG Sede,1,Educação Presencial,1,Ciências Sociais Aplicadas,684,Engenharia de Software,ENS,ENS232AM,"3º Semestre",3,217126,700170,"4510205923","16816961895",Quitéria Freire,2024-08-02 00:00:00.000,2023-08-03 15:11:34.630,Ativo,AT ,1704,"2024/2"
1,UNIVAG Sede,1,Educação Presencial,1,Ciências Sociais Aplicadas,684,Engenharia de Software,ENS,ENS241AM,"2º Semestre",2,272900,700520,"4510200324","55228803398",Zélia Farias,2024-07-18 00:00:00.000,2024-01-23 18:05:30.970,Transferência Interna - Saída,TS ,1704,"2024/2"
1,UNIVAG Sede,1,Educação Presencial,1,Ciências Sociais Aplicadas,684,Engenharia de Software,ENS,ENS241AN,"2º Semestre",2,272661,697764,"4510300324","36872404172",Larissa Teixeira,2024-07-03 00:00:00.000,2024-01-08 16:53:56.897,Ativo,AT ,1704,"2024/2"
1,UNIVAG Sede,1,Educação Presencial,1,Ciências Sociais Aplicadas,684,Engenharia de Software,ENS,ENS241AN,"2º Semestre",2,272699,697780,"4510300424","96952502098",Mariana Almeida,2024-08-23 00:00:00.000,2024-01-11 13:34:21.180,Ativo,AT ,1704,"2024/2"
1,UNIVAG Sede,1,Educação Presencial,1,Ciências Sociais Aplicadas,684,Engenharia de Software,ENS,ENS241AN,"2º Semestre",2,272710,697763,"4510300624","86447853410",Naiana Freire,2024-07-08 00:00:00.000,2024-01-12 10:13:14.647,Ativo,AT ,1704,"2024/2"
1,UNIVAG Sede,1,Educação Presencial,1,Ciências Sociais Aplicadas,684,Engenharia de Software,ENS,ENS241AM,"2º Semestre",2,272725,700854,"4510200224","62566415153",Yuri Gonçalves,2024-07-19 19:58:19.237,2024-01-15 13:48:18.257,Ativo,AT ,1704,"2024/2"
1,UNIVAG Sede,1,Educação Presencial,1,Ciências Sociais Aplicadas,684,Engenharia de Software,ENS,ENS241AN,"2º Semestre",2,272776,699564,"4510300724","06187934105",Guilherme Moraes dos Santos,,2024-01-18 15:44:40.233,Rematrícula Cancelada,RC ,1704,"2024/2"
1,UNIVAG Sede,1,Educação Presencial,1,Ciências Sociais Aplicadas,684,Engenharia de Software,ENS,ENS232AN,"3º Semestre",3,193623,701794,"4510205323","22826332840",Horácio Souza,2024-08-01 10:02:58.217,2023-07-14 15:38:13.620,Ativo,AT ,1704,"2024/2"
1,UNIVAG Sede,1,Educação Presencial,1,Ciências Sociais Aplicadas,684,Engenharia de Software,ENS,ENS232AM,"3º Semestre",3,197304,702856,"4510205423","74871140983",Joaquim Costa,2024-08-15 00:00:00.000,2023-07-18 15:30:42.483,Ativo,AT ,1704,"2024/2"
1,UNIVAG Sede,1,Educação Presencial,1,Ciências Sociais Aplicadas,684,Engenharia de Software,ENS,ENS231AM,"4º Semestre",4,164843,705609,"4510203523","48582970564",Lucas Gonçalves,2024-09-09 10:09:35.583,2023-03-17 19:41:43.817,Ativo,AT ,1704,"2024/2"
1,UNIVAG Sede,1,Educação Presencial,1,Ciências Sociais Aplicadas,684,Engenharia de Software,ENS,ENS231AM,"4º Semestre",4,164862,697774,"4510203823","41663393960",Otacília Silva,2024-07-10 00:00:00.000,2023-03-20 11:15:56.247,Ativo,AT ,1704,"2024/2"
1,UNIVAG Sede,1,Educação Presencial,1,Ciências Sociais Aplicadas,684,Engenharia de Software,ENS,ENS232AM,"3º Semestre",3,190781,697761,"4510205023","94761641510",Fabrício Gonçalves,2024-07-10 00:00:00.000,2023-07-11 10:10:44.080,Ativo,AT ,1704,"2024/2"
1,UNIVAG Sede,1,Educação Presencial,1,Ciências Sociais Aplicadas,684,Engenharia de Software,ENS,ENS232AM,"3º Semestre",3,190825,697776,"4510205123","14561832273",Gisele Borges,2024-07-08 00:00:00.000,2023-07-11 11:21:48.040,Ativo,AT ,1704,"2024/2"
1,UNIVAG Sede,1,Educação Presencial,1,Ciências Sociais Aplicadas,684,Engenharia de Software,ENS,ENS231AM,"4º Semestre",4,214220,697790,"4510205723","19944300791",Narcisa Gonçalves,,2023-08-01 12:58:38.927,Rematrícula Cancelada,RC ,1704,"2024/2"
1,UNIVAG Sede,1,Educação Presencial,1,Ciências Sociais Aplicadas,684,Engenharia de Software,ENS,ENS231AM,"4º Semestre",4,214220,700645,"4510205723","19944300791",Narcisa Gonçalves,,2023-08-01 12:58:38.927,Rematrícula Cancelada,RC ,1704,"2024/2"
1,UNIVAG Sede,1,Educação Presencial,1,Ciências Sociais Aplicadas,684,Engenharia de Software,ENS,ENS232AM,"3º Semestre",3,234385,704093,"4510206323","37621695737",William Costa,2024-08-26 11:21:36.540,2023-08-15 11:35:42.887,Ativo,AT ,1704,"2024/2"
1,UNIVAG Sede,1,Educação Presencial,1,Ciências Sociais Aplicadas,684,Engenharia de Software,ENS,ENS232AM,"3º Semestre",3,229966,697797,"4510206223","96916247435",Urbano Borges,2024-07-08 00:00:00.000,2023-08-12 10:36:27.437,Ativo,AT ,1704,"2024/2"
1,UNIVAG Sede,1,Educação Presencial,1,Ciências Sociais Aplicadas,684,Engenharia de Software,ENS,ENS232AM,"3º Semestre",3,277698,700173,"4510202824","84687681882",Diogo Costa,2024-07-24 00:00:00.000,2024-02-20 12:39:46.057,Ativo,AT ,1704,"2024/2"
1,UNIVAG Sede,1,Educação Presencial,1,Ciências Sociais Aplicadas,684,Engenharia de Software,ENS,ENS241AM,"2º Semestre",2,248945,699726,"4510206423","48859286050",Yasmin Monteiro,2024-08-26 00:00:00.000,2023-08-24 15:09:05.080,Ativo,AT ,1704,"2024/2"
1,UNIVAG Sede,1,Educação Presencial,1,Ciências Sociais Aplicadas,684,Engenharia de Software,ENS,ENS241AN,"2º Semestre",2,275714,697793,"4510301524","14341175279",Thiago Freire,2024-07-10 00:00:00.000,2024-02-08 17:24:00.157,Ativo,AT ,1704,"2024/2"
1,UNIVAG Sede,1,Educação Presencial,1,Ciências Sociais Aplicadas,684,Engenharia de Software,ENS,ENS241AM,"2º Semestre",2,275151,702526,"4510201924","74265053008",Urânia Monteiro,2024-08-08 10:18:47.803,2024-02-05 16:14:35.480,Ativo,AT ,1704,"2024/2"
1,UNIVAG Sede,1,Educação Presencial,1,Ciências Sociais Aplicadas,684,Engenharia de Software,ENS,ENS241AN,"2º Semestre",2,275170,699411,"4510301324","34779198928",Salete Gonçalves,2024-07-16 00:00:00.000,2024-02-05 17:48:46.107,Ativo,AT ,1704,"2024/2"
1,UNIVAG Sede,1,Educação Presencial,1,Ciências Sociais Aplicadas,684,Engenharia de Software,ENS,ENS241AM,"2º Semestre",2,348096,699954,"4510206424","83565644965",Zenaide Freire,2024-07-11 10:25:47.947,2024-07-11 09:57:40.473,Ativo,AT ,1704,"2024/2"
1,UNIVAG Sede,1,Educação Presencial,1,Ciências Sociais Aplicadas,684,Engenharia de Software,ENS,ENS241AN,"2º Semestre",2,276869,706603,"4510301724","72763990269",Valentina Monteiro,2024-10-09 00:00:00.000,2024-02-15 18:52:23.880,Ativo,AT ,1704,"2024/2"
1,UNIVAG Sede,1,Educação Presencial,1,Ciências Sociais Aplicadas,684,Engenharia de Software,ENS,ENS241AM,"2º Semestre",2,297243,697771,"4510205824",,Pedro Costa,2024-07-06 08:09:37.600,2024-04-02 15:54:29.740,Ativo,AT ,1704,"2024/2"
1,UNIVAG Sede,1,Educação Presencial,1,Ciências Sociais Aplicadas,684,Engenharia de Software,ENS,ENS241AM,"2º Semestre",2,273066,699413,"4510200424","90258533653",Alessandro Macedo,2024-07-10 00:00:00.000,2024-01-24 17:43:03.240,Ativo,AT ,1704,"2024/2"
1,UNIVAG Sede,1,Educação Presencial,1,Ciências Sociais Aplicadas,684,Engenharia de Software,ENS,ENS241AM,"2º Semestre",2,273216,702505,"4510200624","14183228312",Carla Gonçalves,2024-08-08 07:42:09.383,2024-01-25 15:36:38.050,Ativo,AT ,1704,"2024/2"
1,UNIVAG Sede,1,Educação Presencial,1,Ciências Sociais Aplicadas,684,Engenharia de Software,ENS,ENS241AM,"2º Semestre",2,274385,697795,"4510201624","30186650467",Paulo Teixeira,2024-07-10 00:00:00.000,2024-02-01 13:41:57.090,Ativo,AT ,1704,"2024/2"
1,UNIVAG Sede,1,Educação Presencial,1,Ciências Sociais Aplicadas,684,Engenharia de Software,ENS,ENS241AM,"2º Semestre",2,274401,697762,"4510201824","34762600992",Simone Farias,2024-07-10 16:01:15.757,2024-02-01 15:01:35.697,Ativo,AT ,1704,"2024/2"
1,UNIVAG Sede,1,Educação Presencial,1,Ciências Sociais Aplicadas,684,Engenharia de Software,ENS,ENS241AM,"2º Semestre",2,273810,697791,"4510200724","51615115468",Davi Teixeira,2024-07-09 00:00:00.000,2024-01-29 10:46:56.993,Ativo,AT ,1704,"2024/2"
1,UNIVAG Sede,1,Educação Presencial,1,Ciências Sociais Aplicadas,684,Engenharia de Software,ENS,ENS241AM,"2º Semestre",2,273816,701788,"4510200824","70419085117",Fátima Monteiro,2024-08-01 00:00:00.000,2024-01-29 11:08:30.593,Licença Médica,LM ,1704,"2024/2"
1,UNIVAG Sede,1,Educação Presencial,1,Ciências Sociais Aplicadas,684,Engenharia de Software,ENS,ENS231AM,"4º Semestre",4,273871,700491,"4510201024","67736905909",Hugo Borges,2024-07-18 00:00:00.000,2024-01-29 17:29:32.053,Ativo,AT ,1704,"2024/2"
1,UNIVAG Sede,1,Educação Presencial,1,Ciências Sociais Aplicadas,684,Engenharia de Software,ENS,ENS241AM,"2º Semestre",2,273880,700519,"4510201124","81633780453",Jéssica Pereira,2024-07-18 00:00:00.000,2024-01-29 18:30:34.603,Ativo,AT ,1704,"2024/2"
1,UNIVAG Sede,1,Educação Presencial,1,Ciências Sociais Aplicadas,684,Engenharia de Software,ENS,ENS241AM,"2º Semestre",2,274025,697768,"4510300924","74167191596",Patrícia Costa,2024-07-09 10:29:53.070,2024-01-30 14:57:06.740,Ativo,AT ,1704,"2024/2"
1,UNIVAG Sede,1,Educação Presencial,1,Ciências Sociais Aplicadas,684,Engenharia de Software,ENS,ENS232AM,"3º Semestre",3,274034,700171,"4510201224","34595967701",Luana Souza,2024-07-16 00:00:00.000,2024-01-30 16:04:18.680,Ativo,AT ,1704,"2024/2"
1,UNIVAG Sede,1,Educação Presencial,1,Ciências Sociais Aplicadas,684,Engenharia de Software,ENS,ENS241AN,"2º Semestre",2,274213,702837,"4510301124","18254809199",Ricardo Souza,2024-08-12 16:44:53.197,2024-01-31 15:03:06.583,Ativo,AT ,1704,"2024/2"
1,UNIVAG Sede,1,Educação Presencial,1,Ciências Sociais Aplicadas,684,Engenharia de Software,ENS,ENS241AN,"2º Semestre",2,277738,697775,"4510301824","21613120545",Wagner Teixeira,2024-08-05 00:00:00.000,2024-02-20 16:32:10.737,Ativo,AT ,1704,"2024/2"
1,UNIVAG Sede,1,Educação Presencial,1,Ciências Sociais Aplicadas,684,Engenharia de Software,ENS,ENS241AN,"2º Semestre",2,277781,701513,"4510301924","08337304103",Luan Vitor Nunes de Assunção,,2024-02-20 21:15:57.760,Rematrícula Cancelada,RC ,1704,"2024/2"
1,UNIVAG Sede,1,Educação Presencial,1,Ciências Sociais Aplicadas,684,Engenharia de Software,ENS,ENS241AM,"2º Semestre",2,277912,700176,"4510203024","80768372498",Francisco Borges,2024-08-12 00:00:00.000,2024-02-21 15:32:52.357,Ativo,AT ,1704,"2024/2"
1,UNIVAG Sede,1,Educação Presencial,1,Ciências Sociais Aplicadas,684,Engenharia de Software,ENS,ENS241AM,"2º Semestre",2,277683,700644,"4510202624","94931952955",Bruno Lima,2024-07-22 00:00:00.000,2024-02-20 10:46:04.260,Ativo,AT ,1704,"2024/2"
1,UNIVAG Sede,1,Educação Presencial,1,Ciências Sociais Aplicadas,684,Engenharia de Software,ENS,ENS241AM,"2º Semestre",2,277177,697778,"4510202224","98016237331",Valdemar Costa,2024-07-10 00:00:00.000,2024-02-17 10:57:51.197,Transferência Interna - Saída,TS ,1704,"2024/2"
1,UNIVAG Sede,1,Educação Presencial,1,Ciências Sociais Aplicadas,684,Engenharia de Software,ENS,ENS241AM,"2º Semestre",2,277656,704159,"4510202324","92214320320",Xerxes Almeida,2024-08-26 00:00:00.000,2024-02-20 08:15:11.560,Ativo,AT ,1704,"2024/2"
1,UNIVAG Sede,1,Educação Presencial,1,Ciências Sociais Aplicadas,684,Engenharia de Software,ENS,ENS241AM,"2º Semestre",2,277667,700175,"4510202424","70339732027",Zilda Castro,2024-07-22 00:00:00.000,2024-02-20 09:32:41.520,Ativo,AT ,1704,"2024/2"
1,UNIVAG Sede,1,Educação Presencial,1,Ciências Sociais Aplicadas,684,Engenharia de Software,ENS,ENS241AN,"2º Semestre",2,278321,699409,"4510302024","48525378637",Xenofonte Souza,2024-07-22 00:00:00.000,2024-02-23 19:39:30.253,Ativo,AT ,1704,"2024/2"
1,UNIVAG Sede,1,Educação Presencial,1,Ciências Sociais Aplicadas,684,Engenharia de Software,ENS,ENS241AM,"2º Semestre",2,278323,697813,"4510203724","63937158910",Nair Almeida,2024-07-05 10:57:21.500,2024-02-23 19:48:02.780,Ativo,AT ,1704,"2024/2"
1,UNIVAG Sede,1,Educação Presencial,1,Ciências Sociais Aplicadas,684,Engenharia de Software,ENS,ENS241AM,"2º Semestre",2,278427,697794,"4510203824","74167191596",Patrícia Costa,2024-07-09 00:00:00.000,2024-02-24 10:15:44.063,Ativo,AT ,1704,"2024/2"
1,UNIVAG Sede,1,Educação Presencial,1,Ciências Sociais Aplicadas,684,Engenharia de Software,ENS,ENS241AM,"2º Semestre",2,278140,700798,"4510203524","89152029952",Márcia Teixeira,2024-08-01 00:00:00.000,2024-02-22 19:37:57.627,Ativo,AT ,1704,"2024/2"
1,UNIVAG Sede,1,Educação Presencial,1,Ciências Sociais Aplicadas,684,Engenharia de Software,ENS,ENS241AM,"2º Semestre",2,278041,699503,"4510203224","56405418980",Isaac Almeida,2024-07-09 00:00:00.000,2024-02-22 09:43:39.003,Ativo,AT ,1704,"2024/2"
1,UNIVAG Sede,1,Educação Presencial,1,Ciências Sociais Aplicadas,684,Engenharia de Software,ENS,ENS241AM,"2º Semestre",2,277936,701585,"4510203124","53282759717",Guilherme Pereira,2024-07-30 16:17:25.913,2024-02-21 17:50:07.973,Ativo,AT ,1704,"2024/2"
1,UNIVAG Sede,1,Educação Presencial,1,Ciências Sociais Aplicadas,684,Engenharia de Software,ENS,ENS241AM,"2º Semestre",2,279628,701468,"4510204724","27564618391",Bernardo Gonçalves,2024-07-29 15:07:57.757,2024-03-01 21:04:08.587,Ativo,AT ,1704,"2024/2"
1,UNIVAG Sede,1,Educação Presencial,1,Ciências Sociais Aplicadas,684,Engenharia de Software,ENS,ENS241AM,"2º Semestre",2,280108,701889,"4510204924","80469469405",Ernesto Freire,2024-08-01 20:08:36.920,2024-03-04 21:04:56.223,Ativo,AT ,1704,"2024/2"
1,UNIVAG Sede,1,Educação Presencial,1,Ciências Sociais Aplicadas,684,Engenharia de Software,ENS,ENS241AN,"2º Semestre",2,280340,705347,"4510302624","55864689899",Carlos Gonçalves,2024-09-03 15:45:08.463,2024-03-05 14:51:29.027,Ativo,AT ,1704,"2024/2"
1,UNIVAG Sede,1,Educação Presencial,1,Ciências Sociais Aplicadas,684,Engenharia de Software,ENS,ENS241AM,"2º Semestre",2,280963,702996,"4510205324","19760324529",Isadora Teixeira,2024-08-14 00:00:00.000,2024-03-07 13:38:04.257,Ativo,AT ,1704,"2024/2"
1,UNIVAG Sede,1,Educação Presencial,1,Ciências Sociais Aplicadas,684,Engenharia de Software,ENS,ENS241AM,"2º Semestre",2,279314,699410,"4510204624","67070086479",Amanda Costa,2024-07-09 00:00:00.000,2024-02-29 11:21:51.293,Ativo,AT ,1704,"2024/2"
1,UNIVAG Sede,1,Educação Presencial,1,Ciências Sociais Aplicadas,684,Engenharia de Software,ENS,ENS241AN,"2º Semestre",2,278428,702866,"4510302124","48105908079",Yara Almeida,2024-08-12 19:56:53.730,2024-02-24 10:24:02.033,Transferência Interna - Saída,TS ,1704,"2024/2"
1,UNIVAG Sede,1,Educação Presencial,1,Ciências Sociais Aplicadas,684,Engenharia de Software,ENS,ENS241AN,"2º Semestre",2,278744,699792,"4510302224","54175130896",Zilda Silva,2024-07-10 00:00:00.000,2024-02-26 11:33:45.203,Ativo,AT ,1704,"2024/2"
1,UNIVAG Sede,1,Educação Presencial,1,Ciências Sociais Aplicadas,684,Engenharia de Software,ENS,ENS241AM,"2º Semestre",2,279102,699412,"4510204024","34693976431",Raul Mendes,2024-07-09 09:40:34.113,2024-02-28 08:53:25.030,Ativo,AT ,1704,"2024/2"
1,UNIVAG Sede,1,Educação Presencial,1,Ciências Sociais Aplicadas,684,Engenharia de Software,ENS,ENS241AM,"2º Semestre",2,279122,697759,"4510204124","66283971837",Tiago Almeida,2024-07-12 00:00:00.000,2024-02-28 11:17:30.363,Ativo,AT ,1704,"2024/2"
1,UNIVAG Sede,1,Educação Presencial,1,Ciências Sociais Aplicadas,684,Engenharia de Software,ENS,ENS241AM,"2º Semestre",2,279151,699984,"4510204224","16003072763",Úrsula Silva,2024-07-11 00:00:00.000,2024-02-28 15:12:37.383,Ativo,AT ,1704,"2024/2"
1,UNIVAG Sede,1,Educação Presencial,1,Ciências Sociais Aplicadas,684,Engenharia de Software,ENS,ENS241AM,"2º Semestre",2,279162,703112,"4510204324","90694498664",Walter Borges,2024-08-15 00:00:00.000,2024-02-28 16:09:47.320,Ativo,AT ,1704,"2024/2"
1,UNIVAG Sede,1,Educação Presencial,1,Ciências Sociais Aplicadas,684,Engenharia de Software,ENS,ENS241AN,"2º Semestre",2,279190,705577,"4510302424","77884530887",Ademir Teixeira,2024-09-06 11:13:28.617,2024-02-28 18:51:59.660,Ativo,AT ,1704,"2024/2"
1,UNIVAG Sede,1,Educação Presencial,1,Ciências Sociais Aplicadas,684,Engenharia de Software,ENS,ENS242AN,"1º Semestre",1,348340,700706,"4510303024","93580122310",Eduardo Souza,2024-07-18 19:35:15.807,2024-07-18 19:17:03.690,Licença Médica,LM ,1704,"2024/2"
1,UNIVAG Sede,1,Educação Presencial,1,Ciências Sociais Aplicadas,684,Engenharia de Software,ENS,ENS242AM,"1º Semestre",1,348476,700970,"4510206624","80463847939",Cláudio Teixeira,2024-07-30 12:32:13.250,2024-07-22 16:36:07.833,Ativo,AT ,1704,"2024/2"
1,UNIVAG Sede,1,Educação Presencial,1,Ciências Sociais Aplicadas,684,Engenharia de Software,ENS,ENS242AN,"1º Semestre",1,348072,699864,"4510302924","61825878756",Débora Borges,2024-07-10 11:41:36.953,2024-07-10 11:35:25.563,Matrícula Cancelada,MC ,1704,"2024/2"
1,UNIVAG Sede,1,Educação Presencial,1,Ciências Sociais Aplicadas,684,Engenharia de Software,ENS,ENS242AM,"1º Semestre",1,347867,699040,"4510206324","79726509747",Xénia Souza,,2024-07-03 10:09:13.300,Matrícula Cancelada,MC ,1704,"2024/2"
1,UNIVAG Sede,1,Educação Presencial,1,Ciências Sociais Aplicadas,684,Engenharia de Software,ENS,ENS241AM,"2º Semestre",2,282239,700843,"4510205424","49753254968",Karine Mendes,2024-07-19 00:00:00.000,2024-03-11 17:17:46.923,Ativo,AT ,1704,"2024/2"
1,UNIVAG Sede,1,Educação Presencial,1,Ciências Sociais Aplicadas,684,Engenharia de Software,ENS,ENS241AM,"2º Semestre",2,282775,702642,"4510205624","76046971567",Márcio Borges,2024-08-09 11:23:25.743,2024-03-13 10:42:18.423,Ativo,AT ,1704,"2024/2"
1,UNIVAG Sede,1,Educação Presencial,1,Ciências Sociais Aplicadas,684,Engenharia de Software,ENS,ENS241AM,"2º Semestre",2,298183,697782,"4510205924","74915805081",Raimundo Silva,2024-08-15 00:00:00.000,2024-04-03 13:34:44.050,Ativo,AT ,1704,"2024/2"
1,UNIVAG Sede,1,Educação Presencial,1,Ciências Sociais Aplicadas,684,Engenharia de Software,ENS,ENS242AM,"1º Semestre",1,347714,696168,"4510206024","93791093181",Tomás Almeida,,2024-06-28 11:20:52.130,Matrícula Cancelada,MC ,1704,"2024/2"
1,UNIVAG Sede,1,Educação Presencial,1,Ciências Sociais Aplicadas,684,Engenharia de Software,ENS,ENS242AM,"1º Semestre",1,347715,696169,"4510206124","93791093181",Tomás Almeida,2024-06-28 11:40:13.997,2024-06-28 11:38:39.260,Ativo,AT ,1704,"2024/2"
1,UNIVAG Sede,1,Educação Presencial,1,Ciências Sociais Aplicadas,684,Engenharia de Software,ENS,ENS242AM,"1º Semestre",1,347732,696187,"4510206224","50506141425",Valquíria Silva,2024-07-15 12:35:08.530,2024-06-28 16:39:54.267,Matrícula Cancelada,MC ,1704,"2024/2"
1,UNIVAG Sede,1,Educação Presencial,1,Ciências Sociais Aplicadas,684,Engenharia de Software,ENS,ENS242AN,"1º Semestre",1,348554,701097,"4510303124","13033114116",Fabiana Teixeira,2024-07-26 00:00:00.000,2024-07-23 18:44:28.367,Ativo,AT ,1704,"2024/2"
1,UNIVAG Sede,1,Educação Presencial,1,Ciências Sociais Aplicadas,684,Engenharia de Software,ENS,ENS242AM,"1º Semestre",1,348911,701834,"4510207424","67574605061",Herculano Gonçalves,2024-08-01 14:56:28.717,2024-08-01 14:49:05.800,Ativo,AT ,1704,"2024/2"
1,UNIVAG Sede,1,Educação Presencial,1,Ciências Sociais Aplicadas,684,Engenharia de Software,ENS,ENS242AM,"1º Semestre",1,348658,701375,"4510206924","61865183823",Fábio Teixeira,2024-08-10 09:04:34.310,2024-07-26 20:29:13.973,Ativo,AT ,1704,"2024/2"
1,UNIVAG Sede,1,Educação Presencial,1,Ciências Sociais Aplicadas,684,Engenharia de Software,ENS,ENS242AN,"1º Semestre",1,350923,704773,"4510303524","46442393158",Júlia Souza,2024-08-29 19:30:22.727,2024-08-29 19:17:15.013,Ativo,AT ,1704,"2024/2"
1,UNIVAG Sede,1,Educação Presencial,1,Ciências Sociais Aplicadas,684,Engenharia de Software,ENS,ENS241AN,"2º Semestre",2,351637,705844,"4510303624","68410470131",Laís Teixeira,2024-09-13 19:02:22.957,2024-09-13 18:47:52.907,Ativo,AT ,1704,"2024/2"
1,UNIVAG Sede,1,Educação Presencial,1,Ciências Sociais Aplicadas,684,Engenharia de Software,ENS,ENS241AN,"2º Semestre",2,351785,706011,"4510303724","32758526012",Mauro Gonçalves,2024-09-17 09:37:36.523,2024-09-17 09:26:32.363,Ativo,AT ,1704,"2024/2"
1,UNIVAG Sede,1,Educação Presencial,1,Ciências Sociais Aplicadas,684,Engenharia de Software,ENS,ENS242AM,"1º Semestre",1,349331,702616,"4510303324","96795092273",Heloísa Freire,2024-08-09 09:16:26.340,2024-08-09 09:06:19.320,Ativo,AT ,1704,"2024/2"
1,UNIVAG Sede,1,Educação Presencial,1,Ciências Sociais Aplicadas,684,Engenharia de Software,ENS,ENS242AM,"1º Semestre",1,349348,702644,"4510207824","24030535990",Janete Souza,2024-08-09 11:34:39.700,2024-08-09 11:26:02.293,Ativo,AT ,1704,"2024/2"
1,UNIVAG Sede,1,Educação Presencial,1,Ciências Sociais Aplicadas,684,Engenharia de Software,ENS,ENS242AN,"1º Semestre",1,349398,702719,"4510303424","93753610272",Ícaro Borges,2024-08-09 20:22:41.883,2024-08-09 20:12:52.910,Ativo,AT ,1704,"2024/2"
1,UNIVAG Sede,1,Educação Presencial,1,Ciências Sociais Aplicadas,684,Engenharia de Software,ENS,ENS242AM,"1º Semestre",1,349027,702038,"4510207524","34329325479",Inácio Borges,2024-08-02 16:51:01.470,2024-08-02 16:16:38.377,Ativo,AT ,1704,"2024/2"
1,UNIVAG Sede,1,Educação Presencial,1,Ciências Sociais Aplicadas,684,Engenharia de Software,ENS,ENS242AN,"1º Semestre",1,349195,702376,"4510303224","77518965378",Gilson Gonçalves,2024-08-07 18:33:44.290,2024-08-06 16:26:55.173,Ativo,AT ,1704,"2024/2"
1,UNIVAG Sede,9,Digital,1,Ciências Sociais Aplicadas,685,Engenharia de Software,ENS,DIGENS242A,"1º Semestre",1,348540,701074,"4520002624","72492640882",Joana Borges,2024-07-23 16:43:38.473,2024-07-23 16:27:01.980,Ativo,AT ,1704,"2024/2"
1,UNIVAG Sede,9,Digital,1,Ciências Sociais Aplicadas,685,Engenharia de Software,ENS,DIGENS241A,"2º Semestre",2,301140,702602,"4520002124","40337077082",Felipe Souza,2024-08-08 19:44:23.617,2024-04-06 10:18:48.043,Ativo,AT ,1704,"2024/2"
1,UNIVAG Sede,9,Digital,1,Ciências Sociais Aplicadas,685,Engenharia de Software,ENS,DIGENS241A,"2º Semestre",2,351303,705275,"4520003024","38957537410",Nilza Borges,2024-09-02 20:11:38.510,2024-09-02 20:06:38.570,Ativo,AT ,1704,"2024/2"
1,UNIVAG Sede,8,Educação ao vivo,1,Ciências Sociais Aplicadas,685,Engenharia de Software,ENS,VIVOENS242AN,"1º Semestre",1,351610,705802,"4520003424","61825878756",Débora Borges,2024-09-12 19:11:31.087,2024-09-12 18:55:28.623,Ativo,AT ,1704,"2024/2"
1,UNIVAG Sede,9,Digital,1,Ciências Sociais Aplicadas,685,Engenharia de Software,ENS,DIGENS242A,"1º Semestre",1,348332,700664,"4520002524","56753780170",Ítalo Freire,2024-07-22 16:38:10.600,2024-07-18 16:47:22.937,Ativo,AT ,1704,"2024/2"
1,UNIVAG Sede,9,Digital,1,Ciências Sociais Aplicadas,685,Engenharia de Software,ENS,DIGENS241A,"2º Semestre",2,279296,702814,"4520001024","79657091845",William Souza,2024-08-12 14:39:49.500,2024-02-29 09:29:22.170,Ativo,AT ,1704,"2024/2"
1,UNIVAG Sede,8,Educação ao vivo,1,Ciências Sociais Aplicadas,685,Engenharia de Software,ENS,VIVOENS241AN,"2º Semestre",2,313819,702252,"4520002324","99189461961",Gabriela Teixeira,2024-08-05 17:58:44.530,2024-04-16 20:27:24.793,Ativo,AT ,1704,"2024/2"
1,UNIVAG Sede,8,Educação ao vivo,1,Ciências Sociais Aplicadas,685,Engenharia de Software,ENS,VIVOENS241AN,"2º Semestre",2,351639,705847,"4520003524","48105908079",Yara Almeida,2024-09-13 20:11:26.590,2024-09-13 20:00:32.757,Ativo,AT ,1704,"2024/2"
1,UNIVAG Sede,9,Digital,1,Ciências Sociais Aplicadas,685,Engenharia de Software,ENS,DIGENS241A,"2º Semestre",2,350316,704035,"4520002924","98016237331",Valdemar Costa,2024-08-24 11:04:52.137,2024-08-24 10:59:32.667,Ativo,AT ,1704,"2024/2"
1,UNIVAG Sede,9,Digital,1,Ciências Sociais Aplicadas,685,Engenharia de Software,ENS,DIGENS241A,"2º Semestre",2,277496,701840,"4520000924","49980559832",Vânia Borges,2024-08-02 00:00:00.000,2024-02-19 12:46:57.757,Ativo,AT ,1704,"2024/2"
1,UNIVAG Sede,9,Digital,1,Ciências Sociais Aplicadas,685,Engenharia de Software,ENS,DIGENS241A,"2º Semestre",2,274447,705333,"4520000424","39604059146",Paulo Gonçalves,2024-09-03 14:21:09.357,2024-02-01 20:16:21.683,Ativo,AT ,1704,"2024/2"
1,UNIVAG Sede,9,Digital,1,Ciências Sociais Aplicadas,685,Engenharia de Software,ENS,DIGENS241A,"2º Semestre",2,280424,701304,"4520001324","05269154129",Arthur de Carvalho Ormond,2024-08-20 00:00:00.000,2024-03-05 20:21:00.733,Aguardando Plano de Estudo,APE,1704,"2024/2"
1,UNIVAG Sede,9,Digital,1,Ciências Sociais Aplicadas,685,Engenharia de Software,ENS,DIGENS241A,"2º Semestre",2,277038,700310,"4520000824","39042482828",Urano Freire,2024-07-17 00:00:00.000,2024-02-16 16:43:32.853,Ativo,AT ,1704,"2024/2"
1,UNIVAG Sede,9,Digital,1,Ciências Sociais Aplicadas,685,Engenharia de Software,ENS,DIGENS241A,"2º Semestre",2,275493,699871,"4520000524","87315413866",Quirino Souza,2024-07-10 00:00:00.000,2024-02-07 14:46:04.860,Ativo,AT ,1704,"2024/2"
1,UNIVAG Sede,9,Digital,1,Ciências Sociais Aplicadas,685,Engenharia de Software,ENS,DIGENS241A,"2º Semestre",2,349324,702600,"4520002724","72646751754",Karen Teixeira,2024-08-09 11:15:47.897,2024-08-08 19:28:55.543,Ativo,AT ,1704,"2024/2"
1,UNIVAG Sede,8,Educação ao vivo,1,Ciências Sociais Aplicadas,685,Engenharia de Software,ENS,VIVOENS232AN,"3º Semestre",3,272469,702782,"4520001923","93252065489",Dalva Gonçalves,2024-08-12 11:17:35.357,2023-10-02 19:13:42.103,Ativo,AT ,1704,"2024/2"
1,UNIVAG Sede,9,Digital,1,Ciências Sociais Aplicadas,685,Engenharia de Software,ENS,DIGENS241A,"2º Semestre",2,349858,703391,"4520002824","55228803398",Zélia Farias,2024-08-19 10:25:30.620,2024-08-19 10:14:19.797,Ativo,AT ,1704,"2024/2"
1,UNIVAG Sede,9,Digital,1,Ciências Sociais Aplicadas,685,Engenharia de Software,ENS,DIGENS242A,"1º Semestre",1,164967,702870,"4520001123","59717287837",Ximena Teixeira,2024-08-12 21:02:44.990,2023-03-24 19:42:04.047,Ativo,AT ,1704,"2024/2"
1,UNIVAG Sede,8,Educação ao vivo,1,Ciências Sociais Aplicadas,685,Engenharia de Software,ENS,VIVOENS231AN,"4º Semestre",4,281062,703595,"4520001624","73143009482",Carlos Freire,2024-08-20 20:40:51.480,2024-03-07 20:14:55.140,Ativo,AT ,1704,"2024/2"
1,UNIVAG Sede,8,Educação ao vivo,1,Ciências Sociais Aplicadas,685,Engenharia de Software,ENS,VIVOENS231AN,"4º Semestre",4,351488,705649,"4520003324",,Osmar Teixeira,2024-09-09 20:05:20.427,2024-09-09 19:55:40.767,Ativo,AT ,1704,"2024/2"
1,UNIVAG Sede,9,Digital,1,Ciências Sociais Aplicadas,685,Engenharia de Software,ENS,DIGENS231A,"4º Semestre",4,276669,699570,"4520000624","58432170194",Suzana Teixeira,2024-07-08 00:00:00.000,2024-02-14 19:21:05.693,Ativo,AT ,1704,"2024/2"
1,UNIVAG Sede,8,Educação ao vivo,1,Ciências Sociais Aplicadas,685,Engenharia de Software,ENS,VIVOENS231AN,"4º Semestre",4,161189,699738,"4520000823","77505459042",Talita Gonçalves,2024-07-10 00:00:00.000,2023-03-03 20:48:47.537,Ativo,AT ,1704,"2024/2"
1,UNIVAG Sede,9,Digital,1,Ciências Sociais Aplicadas,685,Engenharia de Software,ENS,DIGENS231A,"4º Semestre",4,145680,700309,"4520000423","20458430224",Olímpia Freire,2024-08-12 00:00:00.000,2023-01-25 16:43:19.357,Ativo,AT ,1704,"2024/2"
1,UNIVAG Sede,8,Educação ao vivo,1,Ciências Sociais Aplicadas,685,Engenharia de Software,ENS,VIVOENS231AN,"4º Semestre",4,280421,701324,"4520001224","85606121889",Arthur Souza,2024-07-26 00:00:00.000,2024-03-05 20:11:32.787,Ativo,AT ,1704,"2024/2"
1,UNIVAG Sede,9,Digital,1,Ciências Sociais Aplicadas,685,Engenharia de Software,ENS,DIGENS231A,"4º Semestre",4,147319,700312,"4520000623","36537635402",Ronaldo Borges,2024-08-12 15:28:39.627,2023-02-01 18:42:22.003,Ativo,AT ,1704,"2024/2"
1,UNIVAG Sede,8,Educação ao vivo,1,Ciências Sociais Aplicadas,685,Engenharia de Software,ENS,VIVOENS231AN,"4º Semestre",4,165069,700785,"4520001223","52484810051",Zeca Borges,2024-07-19 00:00:00.000,2023-04-13 18:00:39.683,Ativo,AT ,1704,"2024/2"
1,UNIVAG Sede,9,Digital,1,Ciências Sociais Aplicadas,685,Engenharia de Software,ENS,DIGENS231A,"4º Semestre",4,291339,700313,"4520002024","50545306950",Elisa Borges,2024-08-06 18:19:09.483,2024-03-27 19:53:20.653,Ativo,AT ,1704,"2024/2"
1,UNIVAG Sede,9,Digital,1,Ciências Sociais Aplicadas,685,Engenharia de Software,ENS,DIGENS232A,"3º Semestre",3,258110,700311,"4520001523","93350523566",Beatriz Teixeira,2024-08-26 00:00:00.000,2023-08-30 09:36:59.410,Ativo,AT ,1704,"2024/2"
1,UNIVAG Sede,8,Educação ao vivo,1,Ciências Sociais Aplicadas,685,Engenharia de Software,ENS,VIVOENS241AN,"2º Semestre",2,346666,701632,"4520002424","97699843927",Henrique Gonçalves,2024-07-31 08:57:45.957,2024-05-18 11:06:39.640,Ativo,AT ,1704,"2024/2"
1,UNIVAG Sede,8,Educação ao vivo,1,Ciências Sociais Aplicadas,685,Engenharia de Software,ENS,VIVOENS231AN,"4º Semestre",4,351640,705848,"4520003624",,Renato Borges,2024-09-13 20:55:52.773,2024-09-13 20:44:30.490,Ativo,AT ,1704,"2024/2"
1,UNIVAG Sede,1,Educação Presencial,3,Educação Tecnológica,27,Curso Superior de Tecnologia em Análise e Desenvolvimento de Sistemas,TAD,TAD241AN,"2º Semestre",2,278796,700967,"3040303324","95601149964",Samara Vieira,2024-08-12 20:16:47.687,2024-02-26 16:24:44.873,Transferência Interna - Saída,TS ,1704,"2024/2"
1,UNIVAG Sede,1,Educação Presencial,3,Educação Tecnológica,27,Curso Superior de Tecnologia em Análise e Desenvolvimento de Sistemas,TAD,TAD241AN,"2º Semestre",2,279374,696594,"3040303624",,Heitor Almeida,2024-07-08 20:17:44.053,2024-02-29 18:34:18.263,Transferência Interna - Saída,TS ,1704,"2024/2"
1,UNIVAG Sede,1,Educação Presencial,3,Educação Tecnológica,27,Curso Superior de Tecnologia em Análise e Desenvolvimento de Sistemas,TAD,TAD242AN,"1º Semestre",1,351392,705444,"3040305824","26304347723",Xana Freire,2024-09-04 14:23:42.657,2024-09-04 14:09:40.510,Ativo,AT ,1704,"2024/2"
1,UNIVAG Sede,1,Educação Presencial,3,Educação Tecnológica,27,Curso Superior de Tecnologia em Análise e Desenvolvimento de Sistemas,TAD,TAD241AN,"2º Semestre",2,348480,700976,"3040304724","26179010893",Otávia Almeida,2024-07-22 17:35:00.170,2024-07-22 17:21:53.140,Ativo,AT ,1704,"2024/2"
1,UNIVAG Sede,1,Educação Presencial,3,Educação Tecnológica,27,Curso Superior de Tecnologia em Análise e Desenvolvimento de Sistemas,TAD,TAD241AN,"2º Semestre",2,281015,696609,"3040304124","03193206180",José Manoel Martin Martin,,2024-03-07 16:59:44.660,Rematrícula Cancelada,RC ,1704,"2024/2"
1,UNIVAG Sede,1,Educação Presencial,3,Educação Tecnológica,27,Curso Superior de Tecnologia em Análise e Desenvolvimento de Sistemas,TAD,TAD241AN,"2º Semestre",2,281015,700627,"3040304124","03193206180",José Manoel Martin Martin,,2024-03-07 16:59:44.660,Trancamento,TC ,1704,"2024/2"
1,UNIVAG Sede,1,Educação Presencial,3,Educação Tecnológica,27,Curso Superior de Tecnologia em Análise e Desenvolvimento de Sistemas,TAD,TAD242AN,"1º Semestre",1,347794,698500,"3040304624","75358721901",Norberto Lopes,2024-07-01 16:49:11.700,2024-07-01 16:44:23.267,Ativo,AT ,1704,"2024/2"
1,UNIVAG Sede,1,Educação Presencial,3,Educação Tecnológica,27,Curso Superior de Tecnologia em Análise e Desenvolvimento de Sistemas,TAD,TAD241AN,"2º Semestre",2,278761,701820,"3040303224","11770466380",André Oliveira,2024-08-05 18:42:05.637,2024-02-26 13:15:32.990,Ativo,AT ,1704,"2024/2"
1,UNIVAG Sede,1,Educação Presencial,3,Educação Tecnológica,27,Curso Superior de Tecnologia em Análise e Desenvolvimento de Sistemas,TAD,TAD241AN,"2º Semestre",2,278310,700144,"3040303124","81472332173",Zé Ferreira,2024-08-06 00:00:00.000,2024-02-23 18:39:22.510,Ativo,AT ,1704,"2024/2"
1,UNIVAG Sede,1,Educação Presencial,3,Educação Tecnológica,27,Curso Superior de Tecnologia em Análise e Desenvolvimento de Sistemas,TAD,TAD241AN,"2º Semestre",2,277928,698998,"3040302924","30641901018",Xenon Rodrigues,2024-07-15 18:15:07.860,2024-02-21 16:59:19.760,Ativo,AT ,1704,"2024/2"
1,UNIVAG Sede,1,Educação Presencial,3,Educação Tecnológica,27,Curso Superior de Tecnologia em Análise e Desenvolvimento de Sistemas,TAD,TAD241AN,"2º Semestre",2,277052,703316,"3040302324","40255265999",Rodrigo Prado,,2024-02-16 18:02:32.517,Rematrícula Cancelada,RC ,1704,"2024/2"
1,UNIVAG Sede,1,Educação Presencial,3,Educação Tecnológica,27,Curso Superior de Tecnologia em Análise e Desenvolvimento de Sistemas,TAD,TAD241AN,"2º Semestre",2,289061,701524,"3040304524","93402157373",Marcela Gomes,2024-08-06 00:00:00.000,2024-03-25 14:50:05.300,Ativo,AT ,1704,"2024/2"
1,UNIVAG Sede,1,Educação Presencial,3,Educação Tecnológica,27,Curso Superior de Tecnologia em Análise e Desenvolvimento de Sistemas,TAD,TAD241AN,"2º Semestre",2,277055,696605,"3040302524",,Urbano Ramos,2024-08-02 00:00:00.000,2024-02-16 18:13:19.013,Transferência Interna - Saída,TS ,1704,"2024/2"
1,UNIVAG Sede,1,Educação Presencial,3,Educação Tecnológica,27,Curso Superior de Tecnologia em Análise e Desenvolvimento de Sistemas,TAD,TAD241AN,"2º Semestre",2,277520,696613,"3040302724","78180896912",Xisto Silva,2024-07-08 15:38:21.330,2024-02-19 14:40:19.157,Transferência Interna - Saída,TS ,1704,"2024/2"
1,UNIVAG Sede,1,Educação Presencial,3,Educação Tecnológica,27,Curso Superior de Tecnologia em Análise e Desenvolvimento de Sistemas,TAD,TAD241AN,"2º Semestre",2,277013,699928,"3040301824","16174047940",Oscar Teixeira,2024-07-10 18:32:38.260,2024-02-16 14:11:51.380,Ativo,AT ,1704,"2024/2"
1,UNIVAG Sede,1,Educação Presencial,3,Educação Tecnológica,27,Curso Superior de Tecnologia em Análise e Desenvolvimento de Sistemas,TAD,TAD241AN,"2º Semestre",2,277045,696615,"3040302024","94457112904",Quirino Farias,2024-07-15 00:00:00.000,2024-02-16 17:14:39.510,Ativo,AT ,1704,"2024/2"
1,UNIVAG Sede,1,Educação Presencial,3,Educação Tecnológica,27,Curso Superior de Tecnologia em Análise e Desenvolvimento de Sistemas,TAD,TAD241AN,"2º Semestre",2,277048,701365,"3040302124","30186650467",Paulo Teixeira,,2024-02-16 17:35:09.843,Transferência Interna - Saída,TS ,1704,"2024/2"
1,UNIVAG Sede,1,Educação Presencial,3,Educação Tecnológica,27,Curso Superior de Tecnologia em Análise e Desenvolvimento de Sistemas,TAD,TAD241AN,"2º Semestre",2,275537,696596,"3040300624",,Gilberto Mendes,2024-07-09 18:36:18.400,2024-02-07 18:32:29.960,Transferência Interna - Saída,TS ,1704,"2024/2"
1,UNIVAG Sede,1,Educação Presencial,3,Educação Tecnológica,27,Curso Superior de Tecnologia em Análise e Desenvolvimento de Sistemas,TAD,TAD241AN,"2º Semestre",2,272547,696595,"3040300124","64185778769",Zeca Almeida,2024-07-09 20:25:54.590,2023-12-16 09:29:57.403,Ativo,AT ,1704,"2024/2"
1,UNIVAG Sede,1,Educação Presencial,3,Educação Tecnológica,27,Curso Superior de Tecnologia em Análise e Desenvolvimento de Sistemas,TAD,TAD241AN,"2º Semestre",2,274272,702874,"3040300424","78067625560",Fernanda Lopes,2024-08-12 21:36:14.190,2024-01-31 21:06:35.350,Desistente,DS ,1704,"2024/2"
1,UNIVAG Sede,1,Educação Presencial,3,Educação Tecnológica,27,Curso Superior de Tecnologia em Análise e Desenvolvimento de Sistemas,TAD,TAD241AN,"2º Semestre",2,272638,700845,"3040300224","55946882064",Cíntia Faria,2024-07-19 17:37:17.143,2024-01-08 14:23:01.357,Licença Médica,LM ,1704,"2024/2"
1,UNIVAG Sede,1,Educação Presencial,3,Educação Tecnológica,27,Curso Superior de Tecnologia em Análise e Desenvolvimento de Sistemas,TAD,TAD241AN,"2º Semestre",2,272802,696601,"3040300324","78316069109",Tereza Lemos,2024-07-08 00:00:00.000,2024-01-22 10:17:26.957,Transferência Interna - Saída,TS ,1704,"2024/2"
1,UNIVAG Sede,1,Educação Presencial,3,Educação Tecnológica,27,Curso Superior de Tecnologia em Análise e Desenvolvimento de Sistemas,TAD,TAD242AN,"1º Semestre",1,349986,703592,"3040305724","84195310295",Willian Lima,2024-08-20 20:03:58.427,2024-08-20 19:50:10.407,Ativo,AT ,1704,"2024/2"
1,UNIVAG Sede,1,Educação Presencial,3,Educação Tecnológica,27,Curso Superior de Tecnologia em Análise e Desenvolvimento de Sistemas,TAD,TAD232AN,"3º Semestre",3,218486,696607,"3040304123","93732554156",Karen Borges,2024-07-10 00:00:00.000,2023-08-04 13:35:11.507,Ativo,AT ,1704,"2024/2"
1,UNIVAG Sede,1,Educação Presencial,3,Educação Tecnológica,27,Curso Superior de Tecnologia em Análise e Desenvolvimento de Sistemas,TAD,TAD231AN,"4º Semestre",4,164756,701998,"3040303423","24040478500",Douglas Martins,2024-08-02 15:14:36.147,2023-03-15 08:06:34.567,Ativo,AT ,1704,"2024/2"
1,UNIVAG Sede,1,Educação Presencial,3,Educação Tecnológica,27,Curso Superior de Tecnologia em Análise e Desenvolvimento de Sistemas,TAD,TAD231AN,"4º Semestre",4,164872,703572,"3040303623","73376781718",Gabriela Sousa,2024-08-20 18:40:17.600,2023-03-20 16:33:22.840,Ativo,AT ,1704,"2024/2"
1,UNIVAG Sede,1,Educação Presencial,3,Educação Tecnológica,27,Curso Superior de Tecnologia em Análise e Desenvolvimento de Sistemas,TAD,TAD242AN,"1º Semestre",1,164900,702263,"3040303723","31600940707",Íris Monteiro,2024-08-05 19:14:06.553,2023-03-21 19:25:06.477,Ativo,AT ,1704,"2024/2"
1,UNIVAG Sede,1,Educação Presencial,3,Educação Tecnológica,27,Curso Superior de Tecnologia em Análise e Desenvolvimento de Sistemas,TAD,TAD231AN,"4º Semestre",4,161464,696593,"3040303023","15603873010",Yasmine Rocha,2024-07-22 00:00:00.000,2023-03-04 11:07:41.170,Ativo,AT ,1704,"2024/2"
1,UNIVAG Sede,1,Educação Presencial,3,Educação Tecnológica,27,Curso Superior de Tecnologia em Análise e Desenvolvimento de Sistemas,TAD,TAD231AN,"4º Semestre",4,163388,696602,"3040303323","68986718389",Betina Pereira,2024-07-04 00:00:00.000,2023-03-08 15:22:25.507,Ativo,AT ,1704,"2024/2"
1,UNIVAG Sede,1,Educação Presencial,3,Educação Tecnológica,27,Curso Superior de Tecnologia em Análise e Desenvolvimento de Sistemas,TAD,TAD231AN,"4º Semestre",4,159054,696608,"3040302823","93719920865",Washington Lopes,2024-07-04 00:00:00.000,2023-02-27 12:33:14.490,Ativo,AT ,1704,"2024/2"
1,UNIVAG Sede,1,Educação Presencial,3,Educação Tecnológica,27,Curso Superior de Tecnologia em Análise e Desenvolvimento de Sistemas,TAD,TAD231AN,"4º Semestre",4,154521,696604,"3040301723","33409751248",Mariana Santos,2024-07-08 18:48:29.920,2023-02-17 16:30:01.963,Ativo,AT ,1704,"2024/2"
1,UNIVAG Sede,1,Educação Presencial,3,Educação Tecnológica,27,Curso Superior de Tecnologia em Análise e Desenvolvimento de Sistemas,TAD,TAD231AN,"4º Semestre",4,154609,696614,"3040301823","36496472931",Jonas Cruz,,2023-02-17 20:59:23.363,Rematrícula Cancelada,RC ,1704,"2024/2"
1,UNIVAG Sede,1,Educação Presencial,3,Educação Tecnológica,27,Curso Superior de Tecnologia em Análise e Desenvolvimento de Sistemas,TAD,TAD231AN,"4º Semestre",4,145648,696603,"3040300323","92525322644",Danilo Mendes,2024-07-08 00:00:00.000,2023-01-24 13:55:50.817,Ativo,AT ,1704,"2024/2"
1,UNIVAG Sede,1,Educação Presencial,3,Educação Tecnológica,27,Curso Superior de Tecnologia em Análise e Desenvolvimento de Sistemas,TAD,TAD231AN,"4º Semestre",4,145526,701138,"3040300223","80152257993",Bruna Maciel,2024-08-05 17:14:29.413,2023-01-17 17:35:00.230,Ativo,AT ,1704,"2024/2"
1,UNIVAG Sede,1,Educação Presencial,3,Educação Tecnológica,27,Curso Superior de Tecnologia em Análise e Desenvolvimento de Sistemas,TAD,TAD231AN,"4º Semestre",4,147764,696612,"3040300723","38271415586",Hilda Silva,2024-07-10 00:00:00.000,2023-02-02 18:37:27.527,Ativo,AT ,1704,"2024/2"
1,UNIVAG Sede,1,Educação Presencial,3,Educação Tecnológica,27,Curso Superior de Tecnologia em Análise e Desenvolvimento de Sistemas,TAD,TAD232AN,"3º Semestre",3,149421,700612,"3040300823","05937156161",Guilherme Bartniski Meira,,2023-02-06 13:00:12.897,Aguardando Pagamento,AP ,1704,"2024/2"
1,UNIVAG Sede,1,Educação Presencial,3,Educação Tecnológica,27,Curso Superior de Tecnologia em Análise e Desenvolvimento de Sistemas,TAD,TAD231AN,"4º Semestre",4,149890,700143,"3040301323","80335557509",Kelly Cruz,2024-08-06 00:00:00.000,2023-02-07 13:16:13.917,Ativo,AT ,1704,"2024/2"
1,UNIVAG Sede,1,Educação Presencial,3,Educação Tecnológica,27,Curso Superior de Tecnologia em Análise e Desenvolvimento de Sistemas,TAD,TAD241AN,"2º Semestre",2,276782,696600,"3040301724","14632298620",Nívea Macedo,2024-07-10 00:00:00.000,2024-02-15 10:25:33.477,Ativo,AT ,1704,"2024/2"
1,UNIVAG Sede,1,Educação Presencial,3,Educação Tecnológica,27,Curso Superior de Tecnologia em Análise e Desenvolvimento de Sistemas,TAD,TAD231AN,"4º Semestre",4,156692,696598,"3040302023","85709170408",Patrícia Castro,2024-07-02 00:00:00.000,2023-02-22 14:48:51.323,Ativo,AT ,1704,"2024/2"
1,UNIVAG Sede,1,Educação Presencial,3,Educação Tecnológica,27,Curso Superior de Tecnologia em Análise e Desenvolvimento de Sistemas,TAD,TAD231AN,"4º Semestre",4,156811,696597,"3040302123","11748982200",Sandra Almeida,2024-07-05 00:00:00.000,2023-02-22 19:25:50.180,Ativo,AT ,1704,"2024/2"
1,UNIVAG Sede,1,Educação Presencial,3,Educação Tecnológica,27,Curso Superior de Tecnologia em Análise e Desenvolvimento de Sistemas,TAD,TAD222AN,"5º Semestre",5,143561,706594,"3040303522","64472255150",Fernando Lima,2024-10-08 00:00:00.000,2022-03-22 21:01:07.683,Ativo,AT ,1704,"2024/2"
1,UNIVAG Sede,1,Educação Presencial,3,Educação Tecnológica,27,Curso Superior de Tecnologia em Análise e Desenvolvimento de Sistemas,TAD,TAD222AN,"5º Semestre",5,143561,704186,"3040303522","64472255150",Fernando Lima,,2022-03-22 21:01:07.683,Rematrícula Cancelada,RC ,1704,"2024/2"
1,UNIVAG Sede,1,Educação Presencial,3,Educação Tecnológica,27,Curso Superior de Tecnologia em Análise e Desenvolvimento de Sistemas,TAD,TAD222AN,"5º Semestre",5,144375,696611,"3040303822","37883323781",José Costa,2024-08-23 00:00:00.000,2022-07-25 15:43:13.977,Ativo,AT ,1704,"2024/2"
1,UNIVAG Sede,1,Educação Presencial,3,Educação Tecnológica,27,Curso Superior de Tecnologia em Análise e Desenvolvimento de Sistemas,TAD,TAD222AN,"5º Semestre",5,142846,705379,"3040302122","39140419115",Raquel Pereira,2024-09-03 18:54:32.510,2022-02-19 09:03:04.487,Ativo,AT ,1704,"2024/2"
1,UNIVAG Sede,1,Educação Presencial,3,Educação Tecnológica,27,Curso Superior de Tecnologia em Análise e Desenvolvimento de Sistemas,TAD,TAD231AN,"4º Semestre",4,159104,696606,"3040302923","56085535658",Otília Gomes,,2023-02-27 14:52:46.810,Rematrícula Cancelada,RC ,1704,"2024/2"
1,UNIVAG Sede,1,Educação Presencial,3,Educação Tecnológica,27,Curso Superior de Tecnologia em Análise e Desenvolvimento de Sistemas,TAD,TAD222AN,"5º Semestre",5,142503,703089,"3040301722","85861123642",Leandro Gomes,2024-08-15 00:00:00.000,2022-02-07 18:44:39.467,Ativo,AT ,1704,"2024/2"
1,UNIVAG Sede,1,Educação Presencial,3,Educação Tecnológica,27,Curso Superior de Tecnologia em Análise e Desenvolvimento de Sistemas,TAD,TAD231AN,"4º Semestre",4,142046,696610,"3040300222","38027767562",Augusto Costa,2024-07-12 00:00:00.000,2021-12-21 16:16:09.853,Ativo,AT ,1704,"2024/2"
1,UNIVAG Sede,1,Educação Presencial,3,Educação Tecnológica,27,Curso Superior de Tecnologia em Análise e Desenvolvimento de Sistemas,TAD,TAD222AN,"5º Semestre",5,144492,696599,"3040304422","16193717613",Luís Castro,2024-07-03 00:00:00.000,2022-08-02 15:39:02.407,Ativo,AT ,1704,"2024/2"
1,UNIVAG Sede,1,Educação Presencial,3,Educação Tecnológica,27,Curso Superior de Tecnologia em Análise e Desenvolvimento de Sistemas,TAD,TAD241AN,"2º Semestre",2,276774,699852,"3040301624","38556859104",Nícolas Lacerda,,2024-02-15 09:44:40.257,Transferência Interna - Saída,TS ,1704,"2024/2"
1,UNIVAG Sede,1,Educação Presencial,3,Educação Tecnológica,27,Curso Superior de Tecnologia em Análise e Desenvolvimento de Sistemas,TAD,TAD222AN,"5º Semestre",5,142964,705665,"3040302522","70949713661",Tadeu Silva,2024-09-11 13:56:11.087,2022-02-23 20:51:58.847,Ativo,AT ,1704,"2024/2"
1,UNIVAG Sede,1,Educação Presencial,3,Educação Tecnológica,27,Curso Superior de Tecnologia em Análise e Desenvolvimento de Sistemas,TAD,TAD241AN,"2º Semestre",2,279214,700242,"3040303424","40592251253",Estela Gomes,2024-07-17 00:00:00.000,2024-02-28 20:38:46.643,Ativo,AT ,1704,"2024/2"
1,UNIVAG Sede,1,Educação Presencial,3,Educação Tecnológica,27,Curso Superior de Tecnologia em Análise e Desenvolvimento de Sistemas,TAD,TAD222AN,"5º Semestre",5,116124,702865,"3040301019","16169750840",Iara Almeida,2024-08-12 19:54:44.023,2019-01-21 18:56:18.010,Ativo,AT ,1704,"2024/2"
1,UNIVAG Sede,1,Educação Presencial,3,Educação Tecnológica,27,Curso Superior de Tecnologia em Análise e Desenvolvimento de Sistemas,TAD,TAD222AN,"5º Semestre",5,116740,703970,"3040301319","37409850337",Jorge Lima,2024-08-23 19:33:55.207,2019-02-11 15:27:46.260,Ativo,AT ,1704,"2024/2"
1,UNIVAG Sede,1,Educação Presencial,3,Educação Tecnológica,27,Curso Superior de Tecnologia em Análise e Desenvolvimento de Sistemas,TAD,TAD242AN,"1º Semestre",1,348522,701053,"3040304824","48699313291",Pedro Mendes,2024-07-23 16:05:29.580,2024-07-23 15:46:52.290,Ativo,AT ,1704,"2024/2"
1,UNIVAG Sede,1,Educação Presencial,3,Educação Tecnológica,27,Curso Superior de Tecnologia em Análise e Desenvolvimento de Sistemas,TAD,TAD242AN,"1º Semestre",1,348556,701099,"3040304924","45155858887",Quitéria Lima,2024-07-24 18:46:25.853,2024-07-23 19:04:00.353,Ativo,AT ,1704,"2024/2"
1,UNIVAG Sede,1,Educação Presencial,3,Educação Tecnológica,27,Curso Superior de Tecnologia em Análise e Desenvolvimento de Sistemas,TAD,TAD242AN,"1º Semestre",1,348728,701488,"3040305124","37202888973",Renata Gomes,2024-07-29 16:55:05.137,2024-07-29 16:42:54.663,Ativo,AT ,1704,"2024/2"
1,UNIVAG Sede,1,Educação Presencial,3,Educação Tecnológica,27,Curso Superior de Tecnologia em Análise e Desenvolvimento de Sistemas,TAD,TAD242AN,"1º Semestre",1,348741,701507,"3040305224","65996489474",Sérgio Costa,2024-08-08 13:49:31.920,2024-07-29 18:45:05.870,Ativo,AT ,1704,"2024/2"
1,UNIVAG Sede,1,Educação Presencial,3,Educação Tecnológica,27,Curso Superior de Tecnologia em Análise e Desenvolvimento de Sistemas,TAD,TAD232AN,"3º Semestre",3,349325,702606,"3040305524","47561036467",Ubirajara Almeida,2024-08-08 20:37:07.720,2024-08-08 20:24:32.450,Ativo,AT ,1704,"2024/2"
1,UNIVAG Sede,1,Educação Presencial,3,Educação Tecnológica,27,Curso Superior de Tecnologia em Análise e Desenvolvimento de Sistemas,TAD,TAD242AN,"1º Semestre",1,349893,703428,"3040305624","77541971293",Viviane Santos,2024-08-19 15:25:13.110,2024-08-19 15:16:30.703,Ativo,AT ,1704,"2024/2"
1,UNIVAG Sede,1,Educação Presencial,3,Educação Tecnológica,27,Curso Superior de Tecnologia em Análise e Desenvolvimento de Sistemas,TAD,TAD242AN,"1º Semestre",1,348949,701894,"3040305324","82386882216",Tainá Monteiro,2024-08-01 20:49:44.743,2024-08-01 20:41:37.247,Ativo,AT ,1704,"2024/2"
1,UNIVAG Sede,9,Digital,3,Educação Tecnológica,440,Curso Superior de Tecnologia em Análise e Desenvolvimento de Sistemas,TAD,DIGTAD242A,"1º Semestre",1,348723,701479,"3040004724","40603220547",Melissa Mota,2024-07-29 16:04:34.537,2024-07-29 15:53:28.280,Ativo,AT ,1704,"2024/2"
1,UNIVAG Sede,8,Educação ao vivo,3,Educação Tecnológica,440,Curso Superior de Tecnologia em Análise e Desenvolvimento de Sistemas,TAD,VIVOTAD241AN,"2º Semestre",2,346593,703181,"3040003424","14441575582",Cláudia Marques,2024-08-15 20:56:40.670,2024-05-14 18:03:15.087,Ativo,AT ,1704,"2024/2"
1,UNIVAG Sede,9,Digital,3,Educação Tecnológica,440,Curso Superior de Tecnologia em Análise e Desenvolvimento de Sistemas,TAD,DIGTAD222A,"5º Semestre",5,276677,702924,"3040000924","98192945740",Igor Rezende,2024-08-13 14:44:27.073,2024-02-14 19:47:00.407,Ativo,AT ,1704,"2024/2"
1,UNIVAG Sede,8,Educação ao vivo,3,Educação Tecnológica,440,Curso Superior de Tecnologia em Análise e Desenvolvimento de Sistemas,TAD,VIVOTAD222A,"5º Semestre",5,313687,701283,"3040002724","96341509709",Wallace Martins,2024-07-25 14:39:45.590,2024-04-16 18:07:27.737,Ativo,AT ,1704,"2024/2"
1,UNIVAG Sede,8,Educação ao vivo,3,Educação Tecnológica,440,Curso Superior de Tecnologia em Análise e Desenvolvimento de Sistemas,TAD,VIVOTAD241AN,"2º Semestre",2,348745,701515,"3040004824","38556859104",Nícolas Lacerda,2024-08-09 00:00:00.000,2024-07-30 08:16:18.443,Ativo,AT ,1704,"2024/2"
1,UNIVAG Sede,8,Educação ao vivo,3,Educação Tecnológica,440,Curso Superior de Tecnologia em Análise e Desenvolvimento de Sistemas,TAD,VIVOTAD231AN,"4º Semestre",4,289217,703879,"3040002124","23789009971",Sabrina Antunes,2024-08-22 19:33:37.333,2024-03-25 18:28:40.950,Ativo,AT ,1704,"2024/2"
1,UNIVAG Sede,8,Educação ao vivo,3,Educação Tecnológica,440,Curso Superior de Tecnologia em Análise e Desenvolvimento de Sistemas,TAD,VIVOTAD231AN,"4º Semestre",4,349210,702397,"3040004924","56085535658",Otília Gomes,2024-08-06 19:28:30.617,2024-08-06 19:23:31.643,Ativo,AT ,1704,"2024/2"
1,UNIVAG Sede,8,Educação ao vivo,3,Educação Tecnológica,440,Curso Superior de Tecnologia em Análise e Desenvolvimento de Sistemas,TAD,VIVOTAD222A,"5º Semestre",5,346031,703299,"3040003224","53055597939",Alessandra Freire,2024-08-20 00:00:00.000,2024-05-07 08:49:23.680,Ativo,AT ,1704,"2024/2"
1,UNIVAG Sede,9,Digital,3,Educação Tecnológica,440,Curso Superior de Tecnologia em Análise e Desenvolvimento de Sistemas,TAD,DIGTAD222A,"5º Semestre",5,142853,702893,"3040000322","56564860975",Zuleica Teixeira,2024-08-13 00:00:00.000,2022-02-19 10:47:42.830,Ativo,AT ,1704,"2024/2"
1,UNIVAG Sede,8,Educação ao vivo,3,Educação Tecnológica,440,Curso Superior de Tecnologia em Análise e Desenvolvimento de Sistemas,TAD,VIVOTAD222A,"5º Semestre",5,144856,703482,"3040004122","69085281320",Fábio Batista,2024-08-20 17:34:28.033,2022-08-17 18:18:06.077,Ativo,AT ,1704,"2024/2"
1,UNIVAG Sede,9,Digital,3,Educação Tecnológica,440,Curso Superior de Tecnologia em Análise e Desenvolvimento de Sistemas,TAD,DIGTAD222A,"5º Semestre",5,143661,705538,"3040002222","28871381685",Túlio Silva,2024-09-05 00:00:00.000,2022-03-30 16:26:37.567,Ativo,AT ,1704,"2024/2"
1,UNIVAG Sede,9,Digital,3,Educação Tecnológica,440,Curso Superior de Tecnologia em Análise e Desenvolvimento de Sistemas,TAD,DIGTAD232A,"3º Semestre",3,284385,703085,"3040001924","59752172426",Olívia Cunha,2024-08-14 20:25:35.797,2024-03-18 19:16:15.070,Ativo,AT ,1704,"2024/2"
1,UNIVAG Sede,8,Educação ao vivo,3,Educação Tecnológica,440,Curso Superior de Tecnologia em Análise e Desenvolvimento de Sistemas,TAD,VIVOTAD222A,"5º Semestre",5,275325,700616,"3040000624","59497931491",Débora Fonseca,2024-07-18 00:00:00.000,2024-02-06 15:01:08.950,Ativo,AT ,1704,"2024/2"
1,UNIVAG Sede,8,Educação ao vivo,3,Educação Tecnológica,440,Curso Superior de Tecnologia em Análise e Desenvolvimento de Sistemas,TAD,VIVOTAD222A,"5º Semestre",5,164278,700957,"3040002323","44610381418",Ulisses Nascimento,2024-07-23 00:00:00.000,2023-03-10 13:51:56.910,Ativo,AT ,1704,"2024/2"
1,UNIVAG Sede,9,Digital,3,Educação Tecnológica,440,Curso Superior de Tecnologia em Análise e Desenvolvimento de Sistemas,TAD,DIGTAD222A,"5º Semestre",5,144628,699430,"3040003522","90442614078",Diego Guimarães,2024-07-17 00:00:00.000,2022-08-10 14:01:06.847,Ativo,AT ,1704,"2024/2"
1,UNIVAG Sede,9,Digital,3,Educação Tecnológica,440,Curso Superior de Tecnologia em Análise e Desenvolvimento de Sistemas,TAD,DIGTAD231A.,"4º Semestre",4,152551,699429,"3040000923","52984592224",Heloísa Mendes,2024-07-11 00:00:00.000,2023-02-13 11:53:17.440,Ativo,AT ,1704,"2024/2"
1,UNIVAG Sede,8,Educação ao vivo,3,Educação Tecnológica,440,Curso Superior de Tecnologia em Análise e Desenvolvimento de Sistemas,TAD,VIVOTAD231AN,"4º Semestre",4,272474,701119,"3040004523","96983711470",Kátia Gonçalves,2024-07-24 08:42:49.637,2023-10-05 18:14:34.540,Ativo,AT ,1704,"2024/2"
1,UNIVAG Sede,9,Digital,3,Educação Tecnológica,440,Curso Superior de Tecnologia em Análise e Desenvolvimento de Sistemas,TAD,DIGTAD222A,"5º Semestre",5,151359,702934,"3040000823","99656366293",Felipe Vieira,2024-08-13 00:00:00.000,2023-02-10 16:44:33.760,Ativo,AT ,1704,"2024/2"
1,UNIVAG Sede,8,Educação ao vivo,3,Educação Tecnológica,440,Curso Superior de Tecnologia em Análise e Desenvolvimento de Sistemas,TAD,VIVOTAD231AN,"4º Semestre",4,334159,700640,"3040003124","29917271878",Yuri Dias,2024-07-18 00:00:00.000,2024-04-30 17:03:44.553,Ativo,AT ,1704,"2024/2"
1,UNIVAG Sede,9,Digital,3,Educação Tecnológica,440,Curso Superior de Tecnologia em Análise e Desenvolvimento de Sistemas,TAD,DIGTAD222A,"5º Semestre",5,149563,703500,"3040000723","14147530772",Elisa Cardoso,2024-08-21 00:00:00.000,2023-02-06 19:32:51.683,Ativo,AT ,1704,"2024/2"
1,UNIVAG Sede,9,Digital,3,Educação Tecnológica,440,Curso Superior de Tecnologia em Análise e Desenvolvimento de Sistemas,TAD,DIGTAD231A.,"4º Semestre",4,348339,700705,"3040004524","11995029400",Leonardo Lopes,2024-07-18 19:02:23.040,2024-07-18 18:54:51.667,Ativo,AT ,1704,"2024/2"
1,UNIVAG Sede,8,Educação ao vivo,3,Educação Tecnológica,440,Curso Superior de Tecnologia em Análise e Desenvolvimento de Sistemas,TAD,VIVOTAD231AN,"4º Semestre",4,233380,702273,"3040003723","58097329097",Ester Brandão,2024-08-05 00:00:00.000,2023-08-14 19:14:09.343,Ativo,AT ,1704,"2024/2"
1,UNIVAG Sede,9,Digital,3,Educação Tecnológica,440,Curso Superior de Tecnologia em Análise e Desenvolvimento de Sistemas,TAD,DIGTAD231A.,"4º Semestre",4,348170,700224,"3040004424","36496472931",Jonas Cruz,2024-07-15 12:50:30.203,2024-07-15 12:39:17.613,Ativo,AT ,1704,"2024/2"
1,UNIVAG Sede,8,Educação ao vivo,3,Educação Tecnológica,440,Curso Superior de Tecnologia em Análise e Desenvolvimento de Sistemas,TAD,VIVOTAD222A,"5º Semestre",5,324830,701595,"3040003024","77155458774",Xuxa Santos,2024-07-30 16:11:14.987,2024-04-24 19:48:47.043,Ativo,AT ,1704,"2024/2"
1,UNIVAG Sede,8,Educação ao vivo,3,Educação Tecnológica,440,Curso Superior de Tecnologia em Análise e Desenvolvimento de Sistemas,TAD,VIVOTAD231AN,"4º Semestre",4,272456,702079,"3040004423","41547978864",Inês Castro,2024-08-05 00:00:00.000,2023-09-26 20:38:55.660,Ativo,AT ,1704,"2024/2"
1,UNIVAG Sede,9,Digital,3,Educação Tecnológica,440,Curso Superior de Tecnologia em Análise e Desenvolvimento de Sistemas,TAD,DIGTAD231A.,"4º Semestre",4,164192,701275,"3040002123","90321786752",Renato Peixoto,2024-08-01 09:02:14.667,2023-03-10 09:22:09.270,Ativo,AT ,1704,"2024/2"
1,UNIVAG Sede,8,Educação ao vivo,3,Educação Tecnológica,440,Curso Superior de Tecnologia em Análise e Desenvolvimento de Sistemas,TAD,VIVOTAD241AN,"2º Semestre",2,274259,701689,"3040000324","18624792935",Adriano Ramos,2024-07-31 00:00:00.000,2024-01-31 19:25:30.870,Trancamento,TC ,1704,"2024/2"
1,UNIVAG Sede,8,Educação ao vivo,3,Educação Tecnológica,440,Curso Superior de Tecnologia em Análise e Desenvolvimento de Sistemas,TAD,VIVOTAD232AN,"3º Semestre",3,284683,699737,"3040002024","14783361463",Queila Tavares,2024-07-10 00:00:00.000,2024-03-19 18:51:21.643,Ativo,AT ,1704,"2024/2"
1,UNIVAG Sede,8,Educação ao vivo,3,Educação Tecnológica,440,Curso Superior de Tecnologia em Análise e Desenvolvimento de Sistemas,TAD,VIVOTAD231AN,"4º Semestre",4,281374,703411,"3040001524","88055999059",Mateus Araújo,2024-08-19 14:08:20.217,2024-03-08 19:25:05.510,Ativo,AT ,1704,"2024/2"
1,UNIVAG Sede,9,Digital,3,Educação Tecnológica,440,Curso Superior de Tecnologia em Análise e Desenvolvimento de Sistemas,TAD,DIGTAD241A,"2º Semestre",2,191972,700704,"3040003423","88146309789",Bernardo Bastos,2024-08-01 18:35:40.643,2023-07-12 18:52:48.190,Ativo,AT ,1704,"2024/2"
1,UNIVAG Sede,8,Educação ao vivo,3,Educação Tecnológica,440,Curso Superior de Tecnologia em Análise e Desenvolvimento de Sistemas,TAD,VIVOTAD241AN,"2º Semestre",2,351465,705620,"3040005424","78316069109",Tereza Lemos,2024-09-09 14:11:37.260,2024-09-09 13:54:44.177,Ativo,AT ,1704,"2024/2"
1,UNIVAG Sede,9,Digital,3,Educação Tecnológica,440,Curso Superior de Tecnologia em Análise e Desenvolvimento de Sistemas,TAD,DIGTAD241A,"2º Semestre",2,273027,699427,"3040000224","04384523130",Guilherme de Souza Ferreira,2024-07-05 00:00:00.000,2024-01-24 13:05:03.027,Transferência Interna - Saída,TS ,1704,"2024/2"
1,UNIVAG Sede,8,Educação ao vivo,3,Educação Tecnológica,440,Curso Superior de Tecnologia em Análise e Desenvolvimento de Sistemas,TAD,VIVOTAD241AN,"2º Semestre",2,351782,706006,"3040005824",,Gilberto Mendes,2024-09-16 18:51:49.473,2024-09-16 18:40:14.797,Ativo,AT ,1704,"2024/2"
1,UNIVAG Sede,8,Educação ao vivo,3,Educação Tecnológica,440,Curso Superior de Tecnologia em Análise e Desenvolvimento de Sistemas,TAD,VIVOTAD241AN,"2º Semestre",2,349516,702967,"3040005024","30186650467",Paulo Teixeira,2024-08-21 18:17:38.680,2024-08-13 18:54:12.493,Ativo,AT ,1704,"2024/2"
1,UNIVAG Sede,8,Educação ao vivo,3,Educação Tecnológica,440,Curso Superior de Tecnologia em Análise e Desenvolvimento de Sistemas,TAD,VIVOTAD241AN,"2º Semestre",2,276632,700988,"3040000824","30526320356",Gustavo Moraes,2024-07-24 00:00:00.000,2024-02-14 15:23:47.067,Ativo,AT ,1704,"2024/2"
1,UNIVAG Sede,8,Educação ao vivo,3,Educação Tecnológica,440,Curso Superior de Tecnologia em Análise e Desenvolvimento de Sistemas,TAD,VIVOTAD241AN,"2º Semestre",2,351585,705772,"3040005724","78180896912",Xisto Silva,2024-09-11 18:36:55.327,2024-09-11 18:03:04.907,Ativo,AT ,1704,"2024/2"
1,UNIVAG Sede,9,Digital,3,Educação Tecnológica,440,Curso Superior de Tecnologia em Análise e Desenvolvimento de Sistemas,TAD,DIGTAD241A,"2º Semestre",2,277153,699428,"3040001124","11654655779",Júlia Rocha,2024-07-16 00:00:00.000,2024-02-17 08:48:37.450,Ativo,AT ,1704,"2024/2"
1,UNIVAG Sede,8,Educação ao vivo,3,Educação Tecnológica,440,Curso Superior de Tecnologia em Análise e Desenvolvimento de Sistemas,TAD,VIVOTAD241AN,"2º Semestre",2,349982,703586,"3040005224","40255265999",Rodrigo Prado,2024-08-20 19:32:35.070,2024-08-20 19:23:56.167,Ativo,AT ,1704,"2024/2"
1,UNIVAG Sede,8,Educação ao vivo,3,Educação Tecnológica,440,Curso Superior de Tecnologia em Análise e Desenvolvimento de Sistemas,TAD,VIVOTAD241AN,"2º Semestre",2,349708,703263,"3040005124",,Urbano Ramos,2024-08-16 19:13:11.937,2024-08-16 19:06:13.593,Ativo,AT ,1704,"2024/2"
1,UNIVAG Sede,8,Educação ao vivo,3,Educação Tecnológica,440,Curso Superior de Tecnologia em Análise e Desenvolvimento de Sistemas,TAD,VIVOTAD241AN,"2º Semestre",2,282919,700545,"3040001824","81685219283",Noemi Leite,2024-07-24 00:00:00.000,2024-03-13 21:07:21.853,Ativo,AT ,1704,"2024/2"
1,UNIVAG Sede,9,Digital,3,Educação Tecnológica,440,Curso Superior de Tecnologia em Análise e Desenvolvimento de Sistemas,TAD,DIGTAD241A,"2º Semestre",2,278078,700004,"3040001324","18569442389",Larissa Neves,2024-07-11 00:00:00.000,2024-02-22 13:39:24.267,Ativo,AT ,1704,"2024/2"
1,UNIVAG Sede,8,Educação ao vivo,3,Educação Tecnológica,440,Curso Superior de Tecnologia em Análise e Desenvolvimento de Sistemas,TAD,VIVOTAD242AN,"1º Semestre",1,351467,705622,"3040005524","76675636511",Ursula Lima,2024-09-09 14:29:47.823,2024-09-09 14:14:13.300,Ativo,AT ,1704,"2024/2"
1,UNIVAG Sede,8,Educação ao vivo,3,Educação Tecnológica,440,Curso Superior de Tecnologia em Análise e Desenvolvimento de Sistemas,TAD,VIVOTAD241AN,"2º Semestre",2,350922,704772,"3040005324","95601149964",Samara Vieira,2024-08-29 19:18:03.327,2024-08-29 19:10:56.070,Ativo,AT ,1704,"2024/2"
1,UNIVAG Sede,9,Digital,3,Educação Tecnológica,440,Curso Superior de Tecnologia em Análise e Desenvolvimento de Sistemas,TAD,DIGTAD242A,"1º Semestre",1,347914,699381,"3040004124","57907906199",Giovana Almeida,2024-07-04 14:21:48.760,2024-07-04 14:19:24.747,Ativo,AT ,1704,"2024/2"
1,UNIVAG Sede,9,Digital,3,Educação Tecnológica,440,Curso Superior de Tecnologia em Análise e Desenvolvimento de Sistemas,TAD,DIGTAD242A,"1º Semestre",1,348106,699971,"3040004324","32568083368",Henrique Borges,2024-07-15 00:00:00.000,2024-07-11 12:21:45.893,Ativo,AT ,1704,"2024/2"
1,UNIVAG Sede,8,Educação ao vivo,3,Educação Tecnológica,440,Curso Superior de Tecnologia em Análise e Desenvolvimento de Sistemas,TAD,VIVOTAD241AN,"2º Semestre",2,351494,705661,"3040005624",,Heitor Almeida,2024-09-10 10:59:28.430,2024-09-10 10:44:20.603,Ativo,AT ,1704,"2024/2"
